District,District Code,Grade,Count,%
Achievement First Hartford Academy Inc. District,2880013,K,10,11.4
Achievement First Hartford Academy Inc. District,2880013,1,10,11.9
Achievement First Hartford Academy Inc. District,2880013,2,18,21.4
Achievement First Hartford Academy Inc. District,2880013,3,*,*
Achievement First Hartford Academy Inc. District,2880013,4,19,23.2
Achievement First Hartford Academy Inc. District,2880013,5,67,42.1
Achievement First Hartford Academy Inc. District,2880013,6,38,45.8
Achievement First Hartford Academy Inc. District,2880013,7,39,47.6
Achievement First Hartford Academy Inc. District,2880013,8,35,57.4
Achievement First Hartford Academy Inc. District,2880013,9,10,20.8
Achievement First Hartford Academy Inc. District,2880013,10,12,30.8
Achievement First Hartford Academy Inc. District,2880013,11,*,*
Amistad Academy District,2790013,K,15,16.3
Amistad Academy District,2790013,1,13,14
Amistad Academy District,2790013,2,12,13.3
Amistad Academy District,2790013,3,12,13.3
Amistad Academy District,2790013,4,15,19.5
Amistad Academy District,2790013,5,62,62.6
Amistad Academy District,2790013,6,46,45.5
Amistad Academy District,2790013,7,27,33.3
Amistad Academy District,2790013,8,36,45.6
Amistad Academy District,2790013,9,26,44.1
Amistad Academy District,2790013,10,31,56.4
Amistad Academy District,2790013,11,8,24.2
Amistad Academy District,2790013,12,8,30.8
Andover School District,0010011,K,N/A,N/A
Andover School District,0010011,1,*,*
Andover School District,0010011,2,N/A,N/A
Andover School District,0010011,3,N/A,N/A
Andover School District,0010011,4,N/A,N/A
Andover School District,0010011,5,*,*
Andover School District,0010011,6,N/A,N/A
Ansonia School District,0020011,K,*,*
Ansonia School District,0020011,1,*,*
Ansonia School District,0020011,2,N/A,N/A
Ansonia School District,0020011,3,N/A,N/A
Ansonia School District,0020011,4,7,3.7
Ansonia School District,0020011,5,7,3.9
Ansonia School District,0020011,6,17,9.3
Ansonia School District,0020011,7,33,17
Ansonia School District,0020011,8,50,22.5
Ansonia School District,0020011,9,22,12.6
Ansonia School District,0020011,10,18,9.9
Ansonia School District,0020011,11,7,5.9
Ansonia School District,0020011,12,10,6.2
Area Cooperative Educational Services,2440014,K,N/A,N/A
Area Cooperative Educational Services,2440014,1,*,*
Area Cooperative Educational Services,2440014,2,6,6.2
Area Cooperative Educational Services,2440014,3,*,*
Area Cooperative Educational Services,2440014,4,7,5.7
Area Cooperative Educational Services,2440014,5,6,5.2
Area Cooperative Educational Services,2440014,6,43,11.8
Area Cooperative Educational Services,2440014,7,70,19.3
Area Cooperative Educational Services,2440014,8,53,15.5
Area Cooperative Educational Services,2440014,9,12,20.3
Area Cooperative Educational Services,2440014,10,17,26.2
Area Cooperative Educational Services,2440014,11,17,32.1
Area Cooperative Educational Services,2440014,12,22,16.9
Ashford School District,0030011,K,*,*
Ashford School District,0030011,1,N/A,N/A
Ashford School District,0030011,2,*,*
Ashford School District,0030011,3,*,*
Ashford School District,0030011,4,*,*
Ashford School District,0030011,5,N/A,N/A
Ashford School District,0030011,6,*,*
Ashford School District,0030011,7,*,*
Ashford School District,0030011,8,8,16.3
Avon School District,0040011,K,*,*
Avon School District,0040011,1,*,*
Avon School District,0040011,2,*,*
Avon School District,0040011,3,N/A,N/A
Avon School District,0040011,4,*,*
Avon School District,0040011,5,*,*
Avon School District,0040011,6,N/A,N/A
Avon School District,0040011,7,11,4
Avon School District,0040011,8,10,3.6
Avon School District,0040011,9,12,4.1
Avon School District,0040011,10,6,2.3
Avon School District,0040011,11,7,2.8
Avon School District,0040011,12,*,*
Barkhamsted School District,0050011,K,N/A,N/A
Barkhamsted School District,0050011,1,N/A,N/A
Barkhamsted School District,0050011,2,N/A,N/A
Barkhamsted School District,0050011,3,*,*
Barkhamsted School District,0050011,4,N/A,N/A
Barkhamsted School District,0050011,5,N/A,N/A
Barkhamsted School District,0050011,6,*,*
Berlin School District,0070011,K,N/A,N/A
Berlin School District,0070011,1,*,*
Berlin School District,0070011,2,N/A,N/A
Berlin School District,0070011,3,N/A,N/A
Berlin School District,0070011,4,*,*
Berlin School District,0070011,5,*,*
Berlin School District,0070011,6,15,6.1
Berlin School District,0070011,7,19,8.8
Berlin School District,0070011,8,22,9
Berlin School District,0070011,9,6,2.7
Berlin School District,0070011,10,13,5.5
Berlin School District,0070011,11,10,4
Berlin School District,0070011,12,9,4.1
Bethany School District,0080011,K,*,*
Bethany School District,0080011,1,N/A,N/A
Bethany School District,0080011,2,N/A,N/A
Bethany School District,0080011,3,*,*
Bethany School District,0080011,4,N/A,N/A
Bethany School District,0080011,5,N/A,N/A
Bethany School District,0080011,6,*,*
Bethel School District,0090011,K,N/A,N/A
Bethel School District,0090011,1,*,*
Bethel School District,0090011,2,*,*
Bethel School District,0090011,3,*,*
Bethel School District,0090011,4,8,3.9
Bethel School District,0090011,5,N/A,N/A
Bethel School District,0090011,6,25,10.2
Bethel School District,0090011,7,22,10.2
Bethel School District,0090011,8,44,17.8
Bethel School District,0090011,9,11,5.3
Bethel School District,0090011,10,25,11.8
Bethel School District,0090011,11,17,6.8
Bethel School District,0090011,12,61,26.4
Bloomfield School District,0110011,K,*,*
Bloomfield School District,0110011,1,*,*
Bloomfield School District,0110011,2,6,4.1
Bloomfield School District,0110011,3,*,*
Bloomfield School District,0110011,4,*,*
Bloomfield School District,0110011,5,8,6.8
Bloomfield School District,0110011,6,28,21.9
Bloomfield School District,0110011,7,19,13.7
Bloomfield School District,0110011,8,26,18.2
Bloomfield School District,0110011,9,53,32.5
Bloomfield School District,0110011,10,29,16.6
Bloomfield School District,0110011,11,20,13.1
Bloomfield School District,0110011,12,32,18.6
Bolton School District,0120011,K,N/A,N/A
Bolton School District,0120011,1,N/A,N/A
Bolton School District,0120011,2,N/A,N/A
Bolton School District,0120011,3,N/A,N/A
Bolton School District,0120011,4,*,*
Bolton School District,0120011,5,N/A,N/A
Bolton School District,0120011,6,*,*
Bolton School District,0120011,7,*,*
Bolton School District,0120011,8,*,*
Bolton School District,0120011,9,11,12.8
Bolton School District,0120011,10,6,9
Bolton School District,0120011,11,*,*
Bolton School District,0120011,12,7,8.3
Booker T. Washington Academy District,2950013,K,*,*
Booker T. Washington Academy District,2950013,1,*,*
Bozrah School District,0130011,K,N/A,*
Bozrah School District,0130011,1,*,*
Bozrah School District,0130011,2,N/A,N/A
Bozrah School District,0130011,3,N/A,N/A
Bozrah School District,0130011,4,N/A,N/A
Bozrah School District,0130011,5,*,*
Bozrah School District,0130011,6,N/A,*
Bozrah School District,0130011,7,*,*
Bozrah School District,0130011,8,N/A,N/A
Bozrah School District,0130011,12,N/A,*
Branford School District,0140011,K,N/A,N/A
Branford School District,0140011,1,N/A,N/A
Branford School District,0140011,2,N/A,N/A
Branford School District,0140011,3,*,*
Branford School District,0140011,4,N/A,N/A
Branford School District,0140011,5,11,4.9
Branford School District,0140011,6,14,6.5
Branford School District,0140011,7,*,*
Branford School District,0140011,8,16,6.7
Branford School District,0140011,9,15,6.8
Branford School District,0140011,10,35,13.8
Branford School District,0140011,11,32,12.3
Branford School District,0140011,12,25,9.9
Brass City Charter School District,2900013,K,*,*
Brass City Charter School District,2900013,1,*,*
Brass City Charter School District,2900013,2,*,*
Bridgeport Achievement First District,2850013,K,17,19.3
Bridgeport Achievement First District,2850013,1,10,11.1
Bridgeport Achievement First District,2850013,2,10,11
Bridgeport Achievement First District,2850013,3,22,22.9
Bridgeport Achievement First District,2850013,4,8,8.9
Bridgeport Achievement First District,2850013,5,44,44
Bridgeport Achievement First District,2850013,6,48,52.2
Bridgeport Achievement First District,2850013,7,40,42.6
Bridgeport Achievement First District,2850013,8,38,50.7
Bridgeport Achievement First District,2850013,9,29,58
Bridgeport Achievement First District,2850013,10,17,41.5
Bridgeport Achievement First District,2850013,11,9,31
Bridgeport Achievement First District,2850013,12,9,30
Bridgeport School District,0150011,K,*,*
Bridgeport School District,0150011,1,78,4.2
Bridgeport School District,0150011,2,110,6.1
Bridgeport School District,0150011,3,159,8.8
Bridgeport School District,0150011,4,181,10.7
Bridgeport School District,0150011,5,238,15.6
Bridgeport School District,0150011,6,205,14.6
Bridgeport School District,0150011,7,403,26.8
Bridgeport School District,0150011,8,353,23.7
Bridgeport School District,0150011,9,620,36
Bridgeport School District,0150011,10,487,34.2
Bridgeport School District,0150011,11,301,25.1
Bridgeport School District,0150011,12,165,18.8
Bridgeport School District,0150011,Not Available,*,*
Bristol School District,0170011,K,20,3.5
Bristol School District,0170011,1,22,3.9
Bristol School District,0170011,2,18,3
Bristol School District,0170011,3,28,4.6
Bristol School District,0170011,4,38,5.7
Bristol School District,0170011,5,38,6.5
Bristol School District,0170011,6,61,10.1
Bristol School District,0170011,7,96,17
Bristol School District,0170011,8,75,11.9
Bristol School District,0170011,9,107,16
Bristol School District,0170011,10,62,10.6
Bristol School District,0170011,11,74,11.8
Bristol School District,0170011,12,58,9.6
Brookfield School District,0180011,K,N/A,N/A
Brookfield School District,0180011,1,N/A,N/A
Brookfield School District,0180011,2,N/A,N/A
Brookfield School District,0180011,3,N/A,N/A
Brookfield School District,0180011,4,N/A,N/A
Brookfield School District,0180011,5,19,8.4
Brookfield School District,0180011,6,*,*
Brookfield School District,0180011,7,9,4.5
Brookfield School District,0180011,8,11,4.8
Brookfield School District,0180011,9,*,*
Brookfield School District,0180011,10,7,3
Brookfield School District,0180011,11,12,5.5
Brookfield School District,0180011,12,19,8
Brooklyn School District,0190011,K,N/A,N/A
Brooklyn School District,0190011,1,N/A,N/A
Brooklyn School District,0190011,2,N/A,N/A
Brooklyn School District,0190011,3,N/A,N/A
Brooklyn School District,0190011,4,N/A,N/A
Brooklyn School District,0190011,5,*,*
Brooklyn School District,0190011,6,*,*
Brooklyn School District,0190011,7,10,9.2
Brooklyn School District,0190011,8,18,18
Brooklyn School District,0190011,9,N/A,*
Brooklyn School District,0190011,10,N/A,*
Brooklyn School District,0190011,11,N/A,*
Brooklyn School District,0190011,12,N/A,*
Canaan School District,0210011,K,N/A,*
Canaan School District,0210011,1,N/A,*
Canaan School District,0210011,2,N/A,*
Canaan School District,0210011,3,N/A,*
Canaan School District,0210011,4,N/A,*
Canaan School District,0210011,5,N/A,*
Canaan School District,0210011,6,N/A,*
Canaan School District,0210011,7,N/A,*
Canaan School District,0210011,8,N/A,*
Canterbury School District,0220011,K,N/A,N/A
Canterbury School District,0220011,1,N/A,N/A
Canterbury School District,0220011,2,N/A,N/A
Canterbury School District,0220011,3,N/A,N/A
Canterbury School District,0220011,4,N/A,N/A
Canterbury School District,0220011,5,N/A,N/A
Canterbury School District,0220011,6,*,*
Canterbury School District,0220011,7,*,*
Canterbury School District,0220011,8,*,*
Canterbury School District,0220011,10,N/A,*
Canterbury School District,0220011,12,N/A,*
Canton School District,0230011,K,N/A,N/A
Canton School District,0230011,1,*,*
Canton School District,0230011,2,N/A,N/A
Canton School District,0230011,3,N/A,N/A
Canton School District,0230011,4,N/A,N/A
Canton School District,0230011,5,N/A,N/A
Canton School District,0230011,6,*,*
Canton School District,0230011,7,*,*
Canton School District,0230011,8,8,6.3
Canton School District,0230011,9,*,*
Canton School District,0230011,10,*,*
Canton School District,0230011,11,N/A,N/A
Canton School District,0230011,12,N/A,N/A
Capitol Region Education Council,2410014,K,*,*
Capitol Region Education Council,2410014,1,*,*
Capitol Region Education Council,2410014,2,*,*
Capitol Region Education Council,2410014,3,7,1.8
Capitol Region Education Council,2410014,4,*,*
Capitol Region Education Council,2410014,5,*,*
Capitol Region Education Council,2410014,6,83,10.9
Capitol Region Education Council,2410014,7,105,15.3
Capitol Region Education Council,2410014,8,123,17.2
Capitol Region Education Council,2410014,9,143,19.5
Capitol Region Education Council,2410014,10,79,13.4
Capitol Region Education Council,2410014,11,57,12.5
Capitol Region Education Council,2410014,12,42,10.9
Chaplin School District,0240011,K,N/A,N/A
Chaplin School District,0240011,1,N/A,N/A
Chaplin School District,0240011,2,N/A,N/A
Chaplin School District,0240011,3,N/A,*
Chaplin School District,0240011,4,N/A,N/A
Chaplin School District,0240011,5,N/A,N/A
Chaplin School District,0240011,6,N/A,*
Cheshire School District,0250011,K,N/A,N/A
Cheshire School District,0250011,1,*,*
Cheshire School District,0250011,2,*,*
Cheshire School District,0250011,3,*,*
Cheshire School District,0250011,4,*,*
Cheshire School District,0250011,5,*,*
Cheshire School District,0250011,6,*,*
Cheshire School District,0250011,7,11,3.1
Cheshire School District,0250011,8,22,5.5
Cheshire School District,0250011,9,21,6
Cheshire School District,0250011,10,25,6.2
Cheshire School District,0250011,11,26,6.8
Cheshire School District,0250011,12,25,6
Chester School District,0260011,K,N/A,N/A
Chester School District,0260011,1,N/A,N/A
Chester School District,0260011,2,N/A,N/A
Chester School District,0260011,3,N/A,N/A
Chester School District,0260011,4,N/A,N/A
Chester School District,0260011,5,*,*
Chester School District,0260011,6,*,*
Clinton School District,0270011,K,N/A,N/A
Clinton School District,0270011,1,N/A,N/A
Clinton School District,0270011,2,*,*
Clinton School District,0270011,3,N/A,N/A
Clinton School District,0270011,4,*,*
Clinton School District,0270011,5,*,*
Clinton School District,0270011,6,*,*
Clinton School District,0270011,7,*,*
Clinton School District,0270011,8,*,*
Clinton School District,0270011,9,7,5.1
Clinton School District,0270011,10,16,12.2
Clinton School District,0270011,11,23,16.8
Clinton School District,0270011,12,20,13.8
Colchester School District,0280011,K,N/A,N/A
Colchester School District,0280011,1,N/A,N/A
Colchester School District,0280011,2,N/A,N/A
Colchester School District,0280011,3,*,*
Colchester School District,0280011,4,*,*
Colchester School District,0280011,5,*,*
Colchester School District,0280011,6,7,3.4
Colchester School District,0280011,7,6,3.1
Colchester School District,0280011,8,17,7.2
Colchester School District,0280011,9,19,8.6
Colchester School District,0280011,10,17,8.1
Colchester School District,0280011,11,18,8.5
Colchester School District,0280011,12,23,9.7
Colebrook School District,0290011,K,N/A,*
Colebrook School District,0290011,1,N/A,*
Colebrook School District,0290011,2,N/A,*
Colebrook School District,0290011,3,N/A,*
Colebrook School District,0290011,4,*,*
Colebrook School District,0290011,5,*,*
Colebrook School District,0290011,6,N/A,*
Columbia School District,0300011,K,*,*
Columbia School District,0300011,1,*,*
Columbia School District,0300011,2,N/A,N/A
Columbia School District,0300011,3,*,*
Columbia School District,0300011,4,*,*
Columbia School District,0300011,5,*,*
Columbia School District,0300011,6,N/A,N/A
Columbia School District,0300011,7,*,*
Columbia School District,0300011,8,10,17.2
Columbia School District,0300011,10,N/A,*
Columbia School District,0300011,11,N/A,*
Columbia School District,0300011,12,N/A,*
Common Ground High School District,2680013,9,9,16.7
Common Ground High School District,2680013,10,*,*
Common Ground High School District,2680013,11,N/A,N/A
Common Ground High School District,2680013,12,*,*
Connecticut Technical High School System,9000016,9,353,12.3
Connecticut Technical High School System,9000016,10,422,15.4
Connecticut Technical High School System,9000016,11,460,18.1
Connecticut Technical High School System,9000016,12,423,17.3
Cooperative Educational Services,2430014,K,N/A,N/A
Cooperative Educational Services,2430014,1,N/A,N/A
Cooperative Educational Services,2430014,2,*,*
Cooperative Educational Services,2430014,3,*,*
Cooperative Educational Services,2430014,4,*,*
Cooperative Educational Services,2430014,5,*,*
Cooperative Educational Services,2430014,6,7,12.7
Cooperative Educational Services,2430014,7,13,21
Cooperative Educational Services,2430014,8,*,*
Cooperative Educational Services,2430014,9,6,18.8
Cooperative Educational Services,2430014,10,*,*
Cooperative Educational Services,2430014,11,*,*
Cooperative Educational Services,2430014,12,7,9.7
Cornwall School District,0310011,K,N/A,*
Cornwall School District,0310011,1,N/A,*
Cornwall School District,0310011,2,*,*
Cornwall School District,0310011,3,*,*
Cornwall School District,0310011,4,N/A,*
Cornwall School District,0310011,5,N/A,*
Cornwall School District,0310011,6,*,*
Cornwall School District,0310011,7,*,*
Cornwall School District,0310011,8,N/A,*
Coventry School District,0320011,K,N/A,N/A
Coventry School District,0320011,1,*,*
Coventry School District,0320011,2,*,*
Coventry School District,0320011,3,*,*
Coventry School District,0320011,4,7,5.7
Coventry School District,0320011,5,*,*
Coventry School District,0320011,6,*,*
Coventry School District,0320011,7,*,*
Coventry School District,0320011,8,8,6.7
Coventry School District,0320011,9,8,6.8
Coventry School District,0320011,10,*,*
Coventry School District,0320011,11,8,6
Coventry School District,0320011,12,6,4.9
Cromwell School District,0330011,K,*,*
Cromwell School District,0330011,1,6,4.2
Cromwell School District,0330011,2,*,*
Cromwell School District,0330011,3,7,4.5
Cromwell School District,0330011,4,12,6.9
Cromwell School District,0330011,5,9,5.6
Cromwell School District,0330011,6,11,7.3
Cromwell School District,0330011,7,13,8.8
Cromwell School District,0330011,8,22,13.8
Cromwell School District,0330011,9,10,6.8
Cromwell School District,0330011,10,17,11
Cromwell School District,0330011,11,10,7
Cromwell School District,0330011,12,18,13.6
Danbury School District,0340011,K,*,*
Danbury School District,0340011,1,8,0.9
Danbury School District,0340011,2,6,0.7
Danbury School District,0340011,3,11,1.3
Danbury School District,0340011,4,9,1
Danbury School District,0340011,5,18,2.2
Danbury School District,0340011,6,67,7.9
Danbury School District,0340011,7,77,9.6
Danbury School District,0340011,8,103,13
Danbury School District,0340011,9,289,32.7
Danbury School District,0340011,10,217,28.3
Danbury School District,0340011,11,151,22.5
Danbury School District,0340011,12,140,19.5
Danbury School District,0340011,Not Available,*,*
Darien School District,0350011,K,N/A,N/A
Darien School District,0350011,1,*,*
Darien School District,0350011,2,N/A,N/A
Darien School District,0350011,3,*,*
Darien School District,0350011,4,N/A,N/A
Darien School District,0350011,5,*,*
Darien School District,0350011,6,N/A,N/A
Darien School District,0350011,7,*,*
Darien School District,0350011,8,*,*
Darien School District,0350011,9,*,*
Darien School District,0350011,10,8,2.3
Darien School District,0350011,11,6,1.8
Darien School District,0350011,12,22,6.4
Deep River School District,0360011,K,N/A,N/A
Deep River School District,0360011,1,N/A,N/A
Deep River School District,0360011,2,*,*
Deep River School District,0360011,3,*,*
Deep River School District,0360011,4,*,*
Deep River School District,0360011,5,N/A,N/A
Deep River School District,0360011,6,*,*
Department of Mental Health and Addiction Services,3370015,11,N/A,*
Department of Mental Health and Addiction Services,3370015,12,N/A,*
Derby School District,0370011,K,*,*
Derby School District,0370011,1,*,*
Derby School District,0370011,2,12,9.6
Derby School District,0370011,3,6,4.4
Derby School District,0370011,4,*,*
Derby School District,0370011,5,8,6.8
Derby School District,0370011,6,22,19
Derby School District,0370011,7,25,24.3
Derby School District,0370011,8,26,21
Derby School District,0370011,9,24,23.3
Derby School District,0370011,10,16,16.7
Derby School District,0370011,11,19,22.4
Derby School District,0370011,12,20,21.3
East Granby School District,0400011,K,N/A,N/A
East Granby School District,0400011,1,N/A,N/A
East Granby School District,0400011,2,*,*
East Granby School District,0400011,3,N/A,N/A
East Granby School District,0400011,4,N/A,N/A
East Granby School District,0400011,5,N/A,N/A
East Granby School District,0400011,6,*,*
East Granby School District,0400011,7,*,*
East Granby School District,0400011,8,*,*
East Granby School District,0400011,9,*,*
East Granby School District,0400011,10,8,12.9
East Granby School District,0400011,11,8,11
East Granby School District,0400011,12,10,14.9
East Haddam School District,0410011,K,*,*
East Haddam School District,0410011,1,*,*
East Haddam School District,0410011,2,*,*
East Haddam School District,0410011,3,N/A,N/A
East Haddam School District,0410011,4,*,*
East Haddam School District,0410011,5,*,*
East Haddam School District,0410011,6,*,*
East Haddam School District,0410011,7,*,*
East Haddam School District,0410011,8,8,8.5
East Haddam School District,0410011,9,*,*
East Haddam School District,0410011,10,*,*
East Haddam School District,0410011,11,N/A,N/A
East Haddam School District,0410011,12,*,*
East Hampton School District,0420011,K,N/A,N/A
East Hampton School District,0420011,1,N/A,N/A
East Hampton School District,0420011,2,N/A,N/A
East Hampton School District,0420011,3,*,*
East Hampton School District,0420011,4,N/A,N/A
East Hampton School District,0420011,5,N/A,N/A
East Hampton School District,0420011,6,*,*
East Hampton School District,0420011,7,*,*
East Hampton School District,0420011,8,9,5.8
East Hampton School District,0420011,9,7,6.4
East Hampton School District,0420011,10,6,4.6
East Hampton School District,0420011,11,10,6.9
East Hampton School District,0420011,12,*,*
East Hartford School District,0430011,K,11,2.2
East Hartford School District,0430011,1,22,3.9
East Hartford School District,0430011,2,12,2.3
East Hartford School District,0430011,3,23,4.4
East Hartford School District,0430011,4,48,9
East Hartford School District,0430011,5,44,8.8
East Hartford School District,0430011,6,59,12.6
East Hartford School District,0430011,7,121,24.8
East Hartford School District,0430011,8,121,22.7
East Hartford School District,0430011,9,238,42.5
East Hartford School District,0430011,10,162,31
East Hartford School District,0430011,11,113,22.7
East Hartford School District,0430011,12,159,28.2
East Haven School District,0440011,K,N/A,N/A
East Haven School District,0440011,1,*,*
East Haven School District,0440011,2,N/A,N/A
East Haven School District,0440011,3,N/A,N/A
East Haven School District,0440011,4,*,*
East Haven School District,0440011,5,*,*
East Haven School District,0440011,6,24,9.6
East Haven School District,0440011,7,35,14.1
East Haven School District,0440011,8,36,16
East Haven School District,0440011,9,30,11.7
East Haven School District,0440011,10,26,10.7
East Haven School District,0440011,11,16,7.4
East Haven School District,0440011,12,13,6.6
East Lyme School District,0450011,K,N/A,N/A
East Lyme School District,0450011,1,*,*
East Lyme School District,0450011,2,N/A,N/A
East Lyme School District,0450011,3,*,*
East Lyme School District,0450011,4,*,*
East Lyme School District,0450011,5,11,5.3
East Lyme School District,0450011,6,13,6
East Lyme School District,0450011,7,12,5.2
East Lyme School District,0450011,8,23,11
East Lyme School District,0450011,9,7,2.4
East Lyme School District,0450011,10,*,*
East Lyme School District,0450011,11,12,4.8
East Lyme School District,0450011,12,9,3.1
East Windsor School District,0470011,K,N/A,N/A
East Windsor School District,0470011,1,N/A,N/A
East Windsor School District,0470011,2,*,*
East Windsor School District,0470011,3,N/A,N/A
East Windsor School District,0470011,4,*,*
East Windsor School District,0470011,5,16,18.2
East Windsor School District,0470011,6,*,*
East Windsor School District,0470011,7,14,17.5
East Windsor School District,0470011,8,10,12.7
East Windsor School District,0470011,9,11,11
East Windsor School District,0470011,10,12,15.8
East Windsor School District,0470011,11,15,21.4
East Windsor School District,0470011,12,*,*
Eastern Connecticut Regional Educational Service Center (EASTCONN),2530014,K,N/A,*
Eastern Connecticut Regional Educational Service Center (EASTCONN),2530014,1,N/A,*
Eastern Connecticut Regional Educational Service Center (EASTCONN),2530014,2,*,*
Eastern Connecticut Regional Educational Service Center (EASTCONN),2530014,3,*,*
Eastern Connecticut Regional Educational Service Center (EASTCONN),2530014,4,N/A,*
Eastern Connecticut Regional Educational Service Center (EASTCONN),2530014,5,N/A,*
Eastern Connecticut Regional Educational Service Center (EASTCONN),2530014,6,N/A,*
Eastern Connecticut Regional Educational Service Center (EASTCONN),2530014,7,N/A,*
Eastern Connecticut Regional Educational Service Center (EASTCONN),2530014,8,*,*
Eastern Connecticut Regional Educational Service Center (EASTCONN),2530014,9,19,20.4
Eastern Connecticut Regional Educational Service Center (EASTCONN),2530014,10,15,16.9
Eastern Connecticut Regional Educational Service Center (EASTCONN),2530014,11,14,20.6
Eastern Connecticut Regional Educational Service Center (EASTCONN),2530014,12,10,13.7
Eastford School District,0390011,K,N/A,*
Eastford School District,0390011,1,N/A,*
Eastford School District,0390011,2,N/A,*
Eastford School District,0390011,3,N/A,*
Eastford School District,0390011,4,*,*
Eastford School District,0390011,5,N/A,*
Eastford School District,0390011,6,N/A,*
Eastford School District,0390011,7,N/A,*
Eastford School District,0390011,8,*,*
Easton School District,0460011,K,N/A,N/A
Easton School District,0460011,1,*,*
Easton School District,0460011,2,N/A,N/A
Easton School District,0460011,3,*,*
Easton School District,0460011,4,N/A,N/A
Easton School District,0460011,5,*,*
Easton School District,0460011,6,N/A,N/A
Easton School District,0460011,7,*,*
Easton School District,0460011,8,*,*
EdAdvance,2420014,3,N/A,*
EdAdvance,2420014,4,*,*
EdAdvance,2420014,5,*,*
EdAdvance,2420014,6,N/A,*
EdAdvance,2420014,7,N/A,*
EdAdvance,2420014,8,*,*
EdAdvance,2420014,9,*,*
EdAdvance,2420014,10,*,*
EdAdvance,2420014,11,*,*
EdAdvance,2420014,12,*,*
Ellington School District,0480011,K,*,*
Ellington School District,0480011,1,8,4.1
Ellington School District,0480011,2,8,4.1
Ellington School District,0480011,3,*,*
Ellington School District,0480011,4,7,3.1
Ellington School District,0480011,5,*,*
Ellington School District,0480011,6,7,3.4
Ellington School District,0480011,7,6,2.8
Ellington School District,0480011,8,11,5
Ellington School District,0480011,9,12,6.7
Ellington School District,0480011,10,18,8.5
Ellington School District,0480011,11,12,6.7
Ellington School District,0480011,12,14,6.7
Elm City College Preparatory School District,2890013,K,*,*
Elm City College Preparatory School District,2890013,1,*,*
Elm City College Preparatory School District,2890013,2,*,*
Elm City College Preparatory School District,2890013,3,*,*
Elm City College Preparatory School District,2890013,4,*,*
Elm City College Preparatory School District,2890013,5,9,15.8
Elm City College Preparatory School District,2890013,6,8,13.6
Elm City College Preparatory School District,2890013,7,6,10.3
Elm City College Preparatory School District,2890013,8,*,*
Elm City College Preparatory School District,2890013,9,15,44.1
Elm City College Preparatory School District,2890013,10,14,37.8
Elm City College Preparatory School District,2890013,11,*,*
Elm City College Preparatory School District,2890013,12,10,50
Elm City Montessori School District,2910013,K,N/A,*
Enfield School District,0490011,K,*,*
Enfield School District,0490011,1,9,2.4
Enfield School District,0490011,2,*,*
Enfield School District,0490011,3,15,4
Enfield School District,0490011,4,14,3.6
Enfield School District,0490011,5,16,4.6
Enfield School District,0490011,6,46,12.1
Enfield School District,0490011,7,45,13.1
Enfield School District,0490011,8,59,15.2
Enfield School District,0490011,9,91,19.7
Enfield School District,0490011,10,47,13.3
Enfield School District,0490011,11,39,9.4
Enfield School District,0490011,12,35,9.2
Essex School District,0500011,K,N/A,N/A
Essex School District,0500011,1,N/A,N/A
Essex School District,0500011,2,N/A,N/A
Essex School District,0500011,3,N/A,N/A
Essex School District,0500011,4,N/A,N/A
Essex School District,0500011,5,N/A,N/A
Essex School District,0500011,6,*,*
Explorations District,2720013,9,N/A,*
Explorations District,2720013,10,*,*
Explorations District,2720013,11,7,*
Explorations District,2720013,12,*,*
Fairfield School District,0510011,K,*,*
Fairfield School District,0510011,1,*,*
Fairfield School District,0510011,2,*,*
Fairfield School District,0510011,3,*,*
Fairfield School District,0510011,4,*,*
Fairfield School District,0510011,5,N/A,N/A
Fairfield School District,0510011,6,11,1.4
Fairfield School District,0510011,7,17,2.1
Fairfield School District,0510011,8,32,3.8
Fairfield School District,0510011,9,24,3
Fairfield School District,0510011,10,26,3.5
Fairfield School District,0510011,11,27,3.5
Fairfield School District,0510011,12,18,2.5
Farmington School District,0520011,K,*,*
Farmington School District,0520011,1,*,*
Farmington School District,0520011,2,*,*
Farmington School District,0520011,3,N/A,N/A
Farmington School District,0520011,4,7,2.3
Farmington School District,0520011,5,N/A,N/A
Farmington School District,0520011,6,*,*
Farmington School District,0520011,7,*,*
Farmington School District,0520011,8,9,3.1
Farmington School District,0520011,9,9,3
Farmington School District,0520011,10,*,*
Farmington School District,0520011,11,9,2.8
Farmington School District,0520011,12,9,2.6
Franklin School District,0530011,K,N/A,N/A
Franklin School District,0530011,1,N/A,*
Franklin School District,0530011,2,N/A,N/A
Franklin School District,0530011,3,N/A,*
Franklin School District,0530011,4,*,*
Franklin School District,0530011,5,*,*
Franklin School District,0530011,6,*,*
Franklin School District,0530011,7,N/A,N/A
Franklin School District,0530011,8,*,*
Franklin School District,0530011,12,N/A,*
Glastonbury School District,0540011,K,N/A,N/A
Glastonbury School District,0540011,1,N/A,N/A
Glastonbury School District,0540011,2,*,*
Glastonbury School District,0540011,3,*,*
Glastonbury School District,0540011,4,*,*
Glastonbury School District,0540011,5,*,*
Glastonbury School District,0540011,6,10,1.9
Glastonbury School District,0540011,7,*,*
Glastonbury School District,0540011,8,7,1.3
Glastonbury School District,0540011,9,15,3
Glastonbury School District,0540011,10,13,2.7
Glastonbury School District,0540011,11,27,5
Glastonbury School District,0540011,12,16,2.9
Granby School District,0560011,K,N/A,N/A
Granby School District,0560011,1,*,*
Granby School District,0560011,2,N/A,N/A
Granby School District,0560011,3,*,*
Granby School District,0560011,4,*,*
Granby School District,0560011,5,N/A,N/A
Granby School District,0560011,6,*,*
Granby School District,0560011,7,9,5.6
Granby School District,0560011,8,*,*
Granby School District,0560011,9,14,8
Granby School District,0560011,10,7,4.4
Granby School District,0560011,11,8,4.1
Granby School District,0560011,12,*,*
Great Oaks Charter School District,2940013,6,55,45.1
Greenwich School District,0570011,K,*,*
Greenwich School District,0570011,1,*,*
Greenwich School District,0570011,2,*,*
Greenwich School District,0570011,3,*,*
Greenwich School District,0570011,4,*,*
Greenwich School District,0570011,5,N/A,N/A
Greenwich School District,0570011,6,*,*
Greenwich School District,0570011,7,13,2
Greenwich School District,0570011,8,19,2.9
Greenwich School District,0570011,9,7,1.1
Greenwich School District,0570011,10,14,2.1
Greenwich School District,0570011,11,26,4.1
Greenwich School District,0570011,12,22,3.4
Griswold School District,0580011,K,*,*
Griswold School District,0580011,1,N/A,N/A
Griswold School District,0580011,2,N/A,N/A
Griswold School District,0580011,3,*,*
Griswold School District,0580011,4,N/A,N/A
Griswold School District,0580011,5,*,*
Griswold School District,0580011,6,12,8.6
Griswold School District,0580011,7,15,10.6
Griswold School District,0580011,8,16,10.7
Griswold School District,0580011,9,24,14.5
Griswold School District,0580011,10,18,12.2
Griswold School District,0580011,11,29,21
Griswold School District,0580011,12,22,15.4
Groton School District,0590011,K,*,*
Groton School District,0590011,1,10,2.5
Groton School District,0590011,2,*,*
Groton School District,0590011,3,18,4.8
Groton School District,0590011,4,19,5.5
Groton School District,0590011,5,7,2
Groton School District,0590011,6,31,9.1
Groton School District,0590011,7,44,15.1
Groton School District,0590011,8,51,15.8
Groton School District,0590011,9,56,19
Groton School District,0590011,10,43,15.5
Groton School District,0590011,11,47,18.1
Groton School District,0590011,12,45,16.5
Guilford School District,0600011,K,N/A,N/A
Guilford School District,0600011,1,N/A,N/A
Guilford School District,0600011,2,*,*
Guilford School District,0600011,3,N/A,N/A
Guilford School District,0600011,4,*,*
Guilford School District,0600011,5,*,*
Guilford School District,0600011,6,*,*
Guilford School District,0600011,7,*,*
Guilford School District,0600011,8,14,5
Guilford School District,0600011,9,12,4.1
Guilford School District,0600011,10,9,3.4
Guilford School District,0600011,11,12,4.9
Guilford School District,0600011,12,19,6.8
Hamden School District,0620011,K,*,*
Hamden School District,0620011,1,13,3.1
Hamden School District,0620011,2,23,5.5
Hamden School District,0620011,3,18,4.5
Hamden School District,0620011,4,23,5.3
Hamden School District,0620011,5,26,6.3
Hamden School District,0620011,6,33,8.2
Hamden School District,0620011,7,61,14.5
Hamden School District,0620011,8,66,16.3
Hamden School District,0620011,9,56,13
Hamden School District,0620011,10,56,12.8
Hamden School District,0620011,11,39,9
Hamden School District,0620011,12,40,8.5
Hamden School District,0620011,Not Available,*,*
Hampton School District,0630011,K,N/A,*
Hampton School District,0630011,1,N/A,*
Hampton School District,0630011,2,N/A,*
Hampton School District,0630011,3,N/A,*
Hampton School District,0630011,4,N/A,*
Hampton School District,0630011,5,N/A,*
Hampton School District,0630011,6,N/A,*
Hartford School District,0640011,K,*,*
Hartford School District,0640011,1,130,7.9
Hartford School District,0640011,2,161,9.9
Hartford School District,0640011,3,173,10.2
Hartford School District,0640011,4,253,15.9
Hartford School District,0640011,5,258,17.6
Hartford School District,0640011,6,386,23
Hartford School District,0640011,7,410,25.9
Hartford School District,0640011,8,373,24.2
Hartford School District,0640011,9,501,27.1
Hartford School District,0640011,10,312,22.5
Hartford School District,0640011,11,259,20
Hartford School District,0640011,12,241,18.7
Hartford School District,0640011,Not Available,*,*
Hartland School District,0650011,K,N/A,*
Hartland School District,0650011,1,N/A,*
Hartland School District,0650011,2,N/A,*
Hartland School District,0650011,3,N/A,*
Hartland School District,0650011,4,N/A,N/A
Hartland School District,0650011,5,N/A,N/A
Hartland School District,0650011,6,N/A,N/A
Hartland School District,0650011,7,N/A,*
Hartland School District,0650011,8,N/A,N/A
Hartland School District,0650011,12,N/A,*
Hebron School District,0670011,K,N/A,N/A
Hebron School District,0670011,1,N/A,N/A
Hebron School District,0670011,2,*,*
Hebron School District,0670011,3,*,*
Hebron School District,0670011,4,N/A,N/A
Hebron School District,0670011,5,*,*
Hebron School District,0670011,6,N/A,N/A
Highville Charter School District,2860013,K,N/A,N/A
Highville Charter School District,2860013,1,*,*
Highville Charter School District,2860013,2,*,*
Highville Charter School District,2860013,3,8,20
Highville Charter School District,2860013,4,*,*
Highville Charter School District,2860013,5,*,*
Highville Charter School District,2860013,6,*,*
Highville Charter School District,2860013,7,*,*
Highville Charter School District,2860013,8,*,*
Highville Charter School District,2860013,9,*,*
Highville Charter School District,2860013,10,N/A,*
Integrated Day Charter School District,2640013,K,N/A,N/A
Integrated Day Charter School District,2640013,1,N/A,N/A
Integrated Day Charter School District,2640013,2,N/A,N/A
Integrated Day Charter School District,2640013,3,N/A,N/A
Integrated Day Charter School District,2640013,4,N/A,N/A
Integrated Day Charter School District,2640013,5,N/A,N/A
Integrated Day Charter School District,2640013,6,N/A,N/A
Integrated Day Charter School District,2640013,7,*,*
Integrated Day Charter School District,2640013,8,N/A,N/A
Interdistrict School for Arts and Comm District,2650013,6,20,22.5
Interdistrict School for Arts and Comm District,2650013,7,19,21.8
Interdistrict School for Arts and Comm District,2650013,8,12,14.8
Jumoke Academy District,2610013,K,*,*
Jumoke Academy District,2610013,1,N/A,N/A
Jumoke Academy District,2610013,2,7,11.3
Jumoke Academy District,2610013,3,*,*
Jumoke Academy District,2610013,4,6,9.2
Jumoke Academy District,2610013,5,13,17.6
Jumoke Academy District,2610013,6,11,15.1
Jumoke Academy District,2610013,7,22,26.2
Jumoke Academy District,2610013,8,18,23.7
Jumoke Academy District,2610013,9,N/A,*
Jumoke Academy District,2610013,10,N/A,*
Jumoke Academy District,2610013,11,N/A,*
Kent School District,0680011,K,N/A,N/A
Kent School District,0680011,1,N/A,N/A
Kent School District,0680011,2,N/A,N/A
Kent School District,0680011,3,N/A,N/A
Kent School District,0680011,4,N/A,N/A
Kent School District,0680011,5,N/A,N/A
Kent School District,0680011,6,N/A,N/A
Kent School District,0680011,7,N/A,N/A
Kent School District,0680011,8,N/A,N/A
Killingly School District,0690011,K,*,*
Killingly School District,0690011,1,*,*
Killingly School District,0690011,2,*,*
Killingly School District,0690011,3,7,3.9
Killingly School District,0690011,4,7,4.2
Killingly School District,0690011,5,6,3.4
Killingly School District,0690011,6,26,14.7
Killingly School District,0690011,7,17,9.2
Killingly School District,0690011,8,24,12.2
Killingly School District,0690011,9,57,22.9
Killingly School District,0690011,10,27,12.4
Killingly School District,0690011,11,24,12.4
Killingly School District,0690011,12,21,10.9
Learn,2450014,K,*,*
Learn,2450014,1,*,*
Learn,2450014,2,*,*
Learn,2450014,3,*,*
Learn,2450014,4,6,6.6
Learn,2450014,5,*,*
Learn,2450014,6,*,*
Learn,2450014,7,8,15.4
Learn,2450014,8,*,*
Learn,2450014,9,25,13.4
Learn,2450014,10,15,8.3
Learn,2450014,11,10,5.1
Learn,2450014,12,11,6.5
Lebanon School District,0710011,K,N/A,N/A
Lebanon School District,0710011,1,N/A,N/A
Lebanon School District,0710011,2,N/A,N/A
Lebanon School District,0710011,3,N/A,N/A
Lebanon School District,0710011,4,N/A,N/A
Lebanon School District,0710011,5,N/A,N/A
Lebanon School District,0710011,6,*,*
Lebanon School District,0710011,7,*,*
Lebanon School District,0710011,8,*,*
Lebanon School District,0710011,9,9,9
Lebanon School District,0710011,10,*,*
Lebanon School District,0710011,11,10,9.4
Lebanon School District,0710011,12,8,8.2
Ledyard School District,0720011,K,*,*
Ledyard School District,0720011,1,8,4.8
Ledyard School District,0720011,2,*,*
Ledyard School District,0720011,3,*,*
Ledyard School District,0720011,4,6,3.6
Ledyard School District,0720011,5,6,3.4
Ledyard School District,0720011,6,7,4.1
Ledyard School District,0720011,7,17,10.3
Ledyard School District,0720011,8,21,11.6
Ledyard School District,0720011,9,10,4.8
Ledyard School District,0720011,10,20,9.5
Ledyard School District,0720011,11,11,4.7
Ledyard School District,0720011,12,30,12.1
Lisbon School District,0730011,K,*,*
Lisbon School District,0730011,1,N/A,N/A
Lisbon School District,0730011,2,N/A,N/A
Lisbon School District,0730011,3,N/A,N/A
Lisbon School District,0730011,4,*,*
Lisbon School District,0730011,5,N/A,N/A
Lisbon School District,0730011,6,N/A,N/A
Lisbon School District,0730011,7,*,*
Lisbon School District,0730011,8,N/A,N/A
Lisbon School District,0730011,12,N/A,*
Litchfield School District,0740011,K,N/A,N/A
Litchfield School District,0740011,1,N/A,N/A
Litchfield School District,0740011,2,N/A,N/A
Litchfield School District,0740011,3,N/A,N/A
Litchfield School District,0740011,4,*,*
Litchfield School District,0740011,5,N/A,N/A
Litchfield School District,0740011,6,*,*
Litchfield School District,0740011,7,6,6.5
Litchfield School District,0740011,8,*,*
Litchfield School District,0740011,9,*,*
Litchfield School District,0740011,10,9,11.7
Litchfield School District,0740011,11,7,8.2
Litchfield School District,0740011,12,12,16.4
Madison School District,0760011,K,N/A,N/A
Madison School District,0760011,1,N/A,N/A
Madison School District,0760011,2,N/A,N/A
Madison School District,0760011,3,*,*
Madison School District,0760011,4,*,*
Madison School District,0760011,5,N/A,N/A
Madison School District,0760011,6,N/A,N/A
Madison School District,0760011,7,*,*
Madison School District,0760011,8,*,*
Madison School District,0760011,9,6,2
Madison School District,0760011,10,15,4.9
Madison School District,0760011,11,9,3
Madison School District,0760011,12,15,4.7
Manchester School District,0770011,K,8,1.5
Manchester School District,0770011,1,13,2.3
Manchester School District,0770011,2,17,3.2
Manchester School District,0770011,3,18,3.8
Manchester School District,0770011,4,24,4.8
Manchester School District,0770011,5,33,6.8
Manchester School District,0770011,6,32,7.6
Manchester School District,0770011,7,51,13.3
Manchester School District,0770011,8,67,15.1
Manchester School District,0770011,9,78,18.5
Manchester School District,0770011,10,79,18.4
Manchester School District,0770011,11,62,16.1
Manchester School District,0770011,12,56,12.9
Mansfield School District,0780011,K,N/A,N/A
Mansfield School District,0780011,1,N/A,N/A
Mansfield School District,0780011,2,*,*
Mansfield School District,0780011,3,*,*
Mansfield School District,0780011,4,*,*
Mansfield School District,0780011,5,*,*
Mansfield School District,0780011,6,*,*
Mansfield School District,0780011,7,7,5
Mansfield School District,0780011,8,8,5.8
Marlborough School District,0790011,K,N/A,N/A
Marlborough School District,0790011,1,N/A,N/A
Marlborough School District,0790011,2,*,*
Marlborough School District,0790011,3,N/A,N/A
Marlborough School District,0790011,4,N/A,N/A
Marlborough School District,0790011,5,N/A,N/A
Marlborough School District,0790011,6,N/A,N/A
Meriden School District,0800011,K,12,1.7
Meriden School District,0800011,1,9,1.2
Meriden School District,0800011,2,21,2.9
Meriden School District,0800011,3,17,2.5
Meriden School District,0800011,4,17,2.6
Meriden School District,0800011,5,19,2.9
Meriden School District,0800011,6,54,11.1
Meriden School District,0800011,7,114,23.5
Meriden School District,0800011,8,101,19.6
Meriden School District,0800011,9,221,29.7
Meriden School District,0800011,10,103,17.7
Meriden School District,0800011,11,54,12
Meriden School District,0800011,12,60,11.1
Middletown School District,0830011,K,6,1.5
Middletown School District,0830011,1,6,1.5
Middletown School District,0830011,2,6,1.5
Middletown School District,0830011,3,8,2.2
Middletown School District,0830011,4,16,4.3
Middletown School District,0830011,5,16,4.1
Middletown School District,0830011,6,81,22.3
Middletown School District,0830011,7,41,12.7
Middletown School District,0830011,8,35,10.1
Middletown School District,0830011,9,64,17.3
Middletown School District,0830011,10,37,11.7
Middletown School District,0830011,11,30,10.1
Middletown School District,0830011,12,37,11.3
Milford School District,0840011,K,*,*
Milford School District,0840011,1,*,*
Milford School District,0840011,2,*,*
Milford School District,0840011,3,*,*
Milford School District,0840011,4,*,*
Milford School District,0840011,5,7,1.5
Milford School District,0840011,6,7,1.4
Milford School District,0840011,7,22,4.5
Milford School District,0840011,8,47,8.9
Milford School District,0840011,9,53,11.7
Milford School District,0840011,10,55,11.2
Milford School District,0840011,11,73,15.3
Milford School District,0840011,12,60,12.9
Monroe School District,0850011,K,*,*
Monroe School District,0850011,1,N/A,N/A
Monroe School District,0850011,2,N/A,N/A
Monroe School District,0850011,3,N/A,N/A
Monroe School District,0850011,4,*,*
Monroe School District,0850011,5,N/A,N/A
Monroe School District,0850011,6,*,*
Monroe School District,0850011,7,*,*
Monroe School District,0850011,8,7,2.7
Monroe School District,0850011,9,12,4
Monroe School District,0850011,10,9,3.3
Monroe School District,0850011,11,*,*
Monroe School District,0850011,12,10,3
Montville School District,0860011,K,N/A,N/A
Montville School District,0860011,1,*,*
Montville School District,0860011,2,*,*
Montville School District,0860011,3,*,*
Montville School District,0860011,4,*,*
Montville School District,0860011,5,12,6.5
Montville School District,0860011,6,*,*
Montville School District,0860011,7,11,5.9
Montville School District,0860011,8,13,6.6
Montville School District,0860011,9,19,9.4
Montville School District,0860011,10,19,11.4
Montville School District,0860011,11,11,6.3
Montville School District,0860011,12,*,*
Naugatuck School District,0880011,K,*,*
Naugatuck School District,0880011,1,8,2.5
Naugatuck School District,0880011,2,8,2.6
Naugatuck School District,0880011,3,6,1.8
Naugatuck School District,0880011,4,*,*
Naugatuck School District,0880011,5,17,5.2
Naugatuck School District,0880011,6,17,5.1
Naugatuck School District,0880011,7,28,8.1
Naugatuck School District,0880011,8,35,10.3
Naugatuck School District,0880011,9,62,20.5
Naugatuck School District,0880011,10,66,21
Naugatuck School District,0880011,11,50,16.2
Naugatuck School District,0880011,12,41,12.2
New Beginnings Inc Family Academy District,2800013,K,*,*
New Beginnings Inc Family Academy District,2800013,1,N/A,N/A
New Beginnings Inc Family Academy District,2800013,2,12,17.9
New Beginnings Inc Family Academy District,2800013,3,11,24.4
New Beginnings Inc Family Academy District,2800013,4,8,17.4
New Beginnings Inc Family Academy District,2800013,5,*,*
New Beginnings Inc Family Academy District,2800013,6,10,25
New Beginnings Inc Family Academy District,2800013,7,*,*
New Beginnings Inc Family Academy District,2800013,8,*,*
New Britain School District,0890011,K,24,2.6
New Britain School District,0890011,1,33,3.9
New Britain School District,0890011,2,30,3.5
New Britain School District,0890011,3,77,9.5
New Britain School District,0890011,4,97,12.2
New Britain School District,0890011,5,78,9.6
New Britain School District,0890011,6,128,19.6
New Britain School District,0890011,7,155,23.3
New Britain School District,0890011,8,159,22.3
New Britain School District,0890011,9,443,49.4
New Britain School District,0890011,10,136,22
New Britain School District,0890011,11,102,20
New Britain School District,0890011,12,60,10.4
New Canaan School District,0900011,K,*,*
New Canaan School District,0900011,1,*,*
New Canaan School District,0900011,2,N/A,N/A
New Canaan School District,0900011,3,N/A,N/A
New Canaan School District,0900011,4,*,*
New Canaan School District,0900011,5,*,*
New Canaan School District,0900011,6,N/A,N/A
New Canaan School District,0900011,7,*,*
New Canaan School District,0900011,8,N/A,N/A
New Canaan School District,0900011,9,*,*
New Canaan School District,0900011,10,*,*
New Canaan School District,0900011,11,*,*
New Canaan School District,0900011,12,8,2.5
New Fairfield School District,0910011,K,N/A,N/A
New Fairfield School District,0910011,1,N/A,N/A
New Fairfield School District,0910011,2,N/A,N/A
New Fairfield School District,0910011,3,*,*
New Fairfield School District,0910011,4,*,*
New Fairfield School District,0910011,5,*,*
New Fairfield School District,0910011,6,*,*
New Fairfield School District,0910011,7,*,*
New Fairfield School District,0910011,8,7,3.2
New Fairfield School District,0910011,9,12,5.6
New Fairfield School District,0910011,10,19,8
New Fairfield School District,0910011,11,12,5
New Fairfield School District,0910011,12,22,8.4
New Hartford School District,0920011,K,N/A,N/A
New Hartford School District,0920011,1,N/A,N/A
New Hartford School District,0920011,2,N/A,N/A
New Hartford School District,0920011,3,*,*
New Hartford School District,0920011,4,*,*
New Hartford School District,0920011,5,*,*
New Hartford School District,0920011,6,*,*
New Haven School District,0930011,K,36,2.1
New Haven School District,0930011,1,69,4
New Haven School District,0930011,2,131,7.6
New Haven School District,0930011,3,166,10
New Haven School District,0930011,4,171,11.4
New Haven School District,0930011,5,169,11.5
New Haven School District,0930011,6,196,13.3
New Haven School District,0930011,7,271,18.8
New Haven School District,0930011,8,234,16
New Haven School District,0930011,9,177,10.7
New Haven School District,0930011,10,156,10.7
New Haven School District,0930011,11,84,6.7
New Haven School District,0930011,12,61,4.8
New London School District,0950011,K,*,*
New London School District,0950011,1,32,10.4
New London School District,0950011,2,26,8.6
New London School District,0950011,3,53,20
New London School District,0950011,4,39,14.2
New London School District,0950011,5,65,23.5
New London School District,0950011,6,47,22.7
New London School District,0950011,7,49,26.2
New London School District,0950011,8,61,29.6
New London School District,0950011,9,118,36.5
New London School District,0950011,10,56,28.3
New London School District,0950011,11,51,25.2
New London School District,0950011,12,31,15.7
New London School District,0950011,Not Available,*,*
New Milford School District,0960011,K,N/A,N/A
New Milford School District,0960011,1,N/A,N/A
New Milford School District,0960011,2,N/A,N/A
New Milford School District,0960011,3,N/A,N/A
New Milford School District,0960011,4,N/A,N/A
New Milford School District,0960011,5,6,1.7
New Milford School District,0960011,6,*,*
New Milford School District,0960011,7,24,6.5
New Milford School District,0960011,8,16,5
New Milford School District,0960011,9,58,13.9
New Milford School District,0960011,10,43,13
New Milford School District,0960011,11,30,9.8
New Milford School District,0960011,12,52,14.3
New Milford School District,0960011,Not Available,*,*
Newington School District,0940011,K,*,*
Newington School District,0940011,1,*,*
Newington School District,0940011,2,*,*
Newington School District,0940011,3,*,*
Newington School District,0940011,4,*,*
Newington School District,0940011,5,11,3.4
Newington School District,0940011,6,8,2.5
Newington School District,0940011,7,20,6.1
Newington School District,0940011,8,28,8.5
Newington School District,0940011,9,31,9.6
Newington School District,0940011,10,34,10.1
Newington School District,0940011,11,26,8.7
Newington School District,0940011,12,35,9.5
Newtown School District,0970011,K,N/A,N/A
Newtown School District,0970011,1,N/A,N/A
Newtown School District,0970011,2,N/A,N/A
Newtown School District,0970011,3,N/A,N/A
Newtown School District,0970011,4,*,*
Newtown School District,0970011,5,*,*
Newtown School District,0970011,6,*,*
Newtown School District,0970011,7,*,*
Newtown School District,0970011,8,13,3.1
Newtown School District,0970011,9,32,7.3
Newtown School District,0970011,10,17,4
Newtown School District,0970011,11,21,5
Newtown School District,0970011,12,23,5.2
Norfolk School District,0980011,K,N/A,*
Norfolk School District,0980011,1,N/A,*
Norfolk School District,0980011,2,*,*
Norfolk School District,0980011,3,*,*
Norfolk School District,0980011,4,*,*
Norfolk School District,0980011,5,*,*
Norfolk School District,0980011,6,*,*
North Branford School District,0990011,K,*,*
North Branford School District,0990011,1,*,*
North Branford School District,0990011,2,*,*
North Branford School District,0990011,3,*,*
North Branford School District,0990011,4,*,*
North Branford School District,0990011,5,N/A,N/A
North Branford School District,0990011,6,14,7.7
North Branford School District,0990011,7,8,4.9
North Branford School District,0990011,8,12,7.4
North Branford School District,0990011,9,16,10.5
North Branford School District,0990011,10,15,9.1
North Branford School District,0990011,11,24,16.7
North Branford School District,0990011,12,33,19.8
North Canaan School District,1000011,K,N/A,N/A
North Canaan School District,1000011,1,N/A,N/A
North Canaan School District,1000011,2,N/A,N/A
North Canaan School District,1000011,3,N/A,N/A
North Canaan School District,1000011,4,N/A,N/A
North Canaan School District,1000011,5,N/A,N/A
North Canaan School District,1000011,6,N/A,N/A
North Canaan School District,1000011,7,*,*
North Canaan School District,1000011,8,*,*
North Haven School District,1010011,K,N/A,N/A
North Haven School District,1010011,1,N/A,N/A
North Haven School District,1010011,2,N/A,N/A
North Haven School District,1010011,3,N/A,N/A
North Haven School District,1010011,4,N/A,N/A
North Haven School District,1010011,5,N/A,N/A
North Haven School District,1010011,6,6,2.5
North Haven School District,1010011,7,22,7.9
North Haven School District,1010011,8,18,6.9
North Haven School District,1010011,9,17,6.8
North Haven School District,1010011,10,14,5.5
North Haven School District,1010011,11,12,4.6
North Haven School District,1010011,12,22,7.4
North Stonington School District,1020011,K,N/A,N/A
North Stonington School District,1020011,1,*,*
North Stonington School District,1020011,2,*,*
North Stonington School District,1020011,3,N/A,N/A
North Stonington School District,1020011,4,N/A,N/A
North Stonington School District,1020011,5,N/A,N/A
North Stonington School District,1020011,6,*,*
North Stonington School District,1020011,7,*,*
North Stonington School District,1020011,8,*,*
North Stonington School District,1020011,9,*,*
North Stonington School District,1020011,10,8,14.3
North Stonington School District,1020011,11,6,13
North Stonington School District,1020011,12,*,*
Norwalk School District,1030011,K,*,*
Norwalk School District,1030011,1,*,*
Norwalk School District,1030011,2,*,*
Norwalk School District,1030011,3,*,*
Norwalk School District,1030011,4,*,*
Norwalk School District,1030011,5,*,*
Norwalk School District,1030011,6,61,7.2
Norwalk School District,1030011,7,106,13.2
Norwalk School District,1030011,8,80,10.6
Norwalk School District,1030011,9,102,11.4
Norwalk School District,1030011,10,85,10
Norwalk School District,1030011,11,95,11.8
Norwalk School District,1030011,12,69,8.5
Norwich Free Academy District,9010022,9,50,9.1
Norwich Free Academy District,9010022,10,70,11.5
Norwich Free Academy District,9010022,11,92,16.4
Norwich Free Academy District,9010022,12,68,12
Norwich School District,1040011,K,6,1.6
Norwich School District,1040011,1,18,4.8
Norwich School District,1040011,2,13,3.4
Norwich School District,1040011,3,8,2.1
Norwich School District,1040011,4,30,8
Norwich School District,1040011,5,30,8.5
Norwich School District,1040011,6,43,11.1
Norwich School District,1040011,7,46,12
Norwich School District,1040011,8,60,14.9
Norwich School District,1040011,9,N/A,*
Norwich School District,1040011,10,N/A,N/A
Norwich School District,1040011,11,N/A,*
Norwich School District,1040011,12,N/A,N/A
Odyssey Community School District,2630013,K,*,*
Odyssey Community School District,2630013,1,*,*
Odyssey Community School District,2630013,2,*,*
Odyssey Community School District,2630013,3,*,*
Odyssey Community School District,2630013,4,*,*
Odyssey Community School District,2630013,5,*,*
Odyssey Community School District,2630013,6,N/A,N/A
Odyssey Community School District,2630013,7,*,*
Odyssey Community School District,2630013,8,*,*
Old Saybrook School District,1060011,K,N/A,N/A
Old Saybrook School District,1060011,1,N/A,N/A
Old Saybrook School District,1060011,2,N/A,N/A
Old Saybrook School District,1060011,3,N/A,N/A
Old Saybrook School District,1060011,4,*,*
Old Saybrook School District,1060011,5,*,*
Old Saybrook School District,1060011,6,*,*
Old Saybrook School District,1060011,7,*,*
Old Saybrook School District,1060011,8,*,*
Old Saybrook School District,1060011,9,10,8.5
Old Saybrook School District,1060011,10,*,*
Old Saybrook School District,1060011,11,17,12.8
Old Saybrook School District,1060011,12,9,7.1
Old Saybrook School District,1060011,Not Available,*,*
Orange School District,1070011,K,N/A,N/A
Orange School District,1070011,1,*,*
Orange School District,1070011,2,*,*
Orange School District,1070011,3,*,*
Orange School District,1070011,4,*,*
Orange School District,1070011,5,*,*
Orange School District,1070011,6,*,*
Oxford School District,1080011,K,N/A,N/A
Oxford School District,1080011,1,N/A,N/A
Oxford School District,1080011,2,N/A,N/A
Oxford School District,1080011,3,N/A,N/A
Oxford School District,1080011,4,N/A,N/A
Oxford School District,1080011,5,N/A,N/A
Oxford School District,1080011,6,*,*
Oxford School District,1080011,7,*,*
Oxford School District,1080011,8,*,*
Oxford School District,1080011,9,*,*
Oxford School District,1080011,10,12,6.9
Oxford School District,1080011,11,8,5.8
Oxford School District,1080011,12,9,7.4
Park City Prep Charter School District,2830013,5,17,19.1
Park City Prep Charter School District,2830013,6,12,13.5
Park City Prep Charter School District,2830013,7,6,6.4
Park City Prep Charter School District,2830013,8,22,27.2
Path Academy District,2930013,9,33,46.5
Path Academy District,2930013,10,12,33.3
Path Academy District,2930013,11,*,*
Path Academy District,2930013,12,*,*
Plainfield School District,1090011,K,N/A,N/A
Plainfield School District,1090011,1,*,*
Plainfield School District,1090011,2,*,*
Plainfield School District,1090011,3,*,*
Plainfield School District,1090011,4,*,*
Plainfield School District,1090011,5,7,4.1
Plainfield School District,1090011,6,14,7.5
Plainfield School District,1090011,7,19,9.8
Plainfield School District,1090011,8,31,15.9
Plainfield School District,1090011,9,32,18.8
Plainfield School District,1090011,10,20,11.8
Plainfield School District,1090011,11,32,16.8
Plainfield School District,1090011,12,27,16.1
Plainville School District,1100011,K,N/A,N/A
Plainville School District,1100011,1,*,*
Plainville School District,1100011,2,N/A,N/A
Plainville School District,1100011,3,N/A,N/A
Plainville School District,1100011,4,*,*
Plainville School District,1100011,5,*,*
Plainville School District,1100011,6,9,4.9
Plainville School District,1100011,7,6,3.4
Plainville School District,1100011,8,8,4.2
Plainville School District,1100011,9,30,16.7
Plainville School District,1100011,10,20,10.7
Plainville School District,1100011,11,16,8.1
Plainville School District,1100011,12,21,11.8
Plymouth School District,1110011,K,N/A,N/A
Plymouth School District,1110011,1,N/A,N/A
Plymouth School District,1110011,2,N/A,N/A
Plymouth School District,1110011,3,N/A,N/A
Plymouth School District,1110011,4,N/A,N/A
Plymouth School District,1110011,5,*,*
Plymouth School District,1110011,6,6,5.2
Plymouth School District,1110011,7,15,13
Plymouth School District,1110011,8,12,9
Plymouth School District,1110011,9,9,6.9
Plymouth School District,1110011,10,7,5.3
Plymouth School District,1110011,11,*,*
Plymouth School District,1110011,12,9,7.7
Pomfret School District,1120011,K,N/A,N/A
Pomfret School District,1120011,1,N/A,N/A
Pomfret School District,1120011,2,N/A,N/A
Pomfret School District,1120011,3,N/A,N/A
Pomfret School District,1120011,4,N/A,N/A
Pomfret School District,1120011,5,*,*
Pomfret School District,1120011,6,*,*
Pomfret School District,1120011,7,*,*
Pomfret School District,1120011,8,N/A,N/A
Pomfret School District,1120011,12,N/A,*
Portland School District,1130011,K,N/A,N/A
Portland School District,1130011,1,N/A,N/A
Portland School District,1130011,2,N/A,N/A
Portland School District,1130011,3,*,*
Portland School District,1130011,4,*,*
Portland School District,1130011,5,*,*
Portland School District,1130011,6,*,*
Portland School District,1130011,7,8,7
Portland School District,1130011,8,*,*
Portland School District,1130011,9,9,9.6
Portland School District,1130011,10,*,*
Portland School District,1130011,11,8,8.9
Portland School District,1130011,12,9,9.7
Preston School District,1140011,K,*,*
Preston School District,1140011,1,N/A,N/A
Preston School District,1140011,2,*,*
Preston School District,1140011,3,N/A,N/A
Preston School District,1140011,4,N/A,N/A
Preston School District,1140011,5,*,*
Preston School District,1140011,6,N/A,N/A
Preston School District,1140011,7,*,*
Preston School District,1140011,8,*,*
Preston School District,1140011,10,N/A,*
Preston School District,1140011,12,N/A,*
Putnam School District,1160011,K,*,*
Putnam School District,1160011,1,N/A,N/A
Putnam School District,1160011,2,*,*
Putnam School District,1160011,3,*,*
Putnam School District,1160011,4,*,*
Putnam School District,1160011,5,8,8.6
Putnam School District,1160011,6,7,7.1
Putnam School District,1160011,7,14,16.1
Putnam School District,1160011,8,13,11.2
Putnam School District,1160011,9,*,*
Putnam School District,1160011,10,6,9
Putnam School District,1160011,11,8,11.3
Putnam School District,1160011,12,7,9.9
Redding School District,1170011,K,N/A,N/A
Redding School District,1170011,1,N/A,N/A
Redding School District,1170011,2,N/A,N/A
Redding School District,1170011,3,N/A,N/A
Redding School District,1170011,4,N/A,N/A
Redding School District,1170011,5,*,*
Redding School District,1170011,6,*,*
Redding School District,1170011,7,*,*
Redding School District,1170011,8,*,*
Regional School District 01,2010012,8,*,*
Regional School District 01,2010012,9,14,15.4
Regional School District 01,2010012,10,*,*
Regional School District 01,2010012,11,19,17.4
Regional School District 01,2010012,12,15,16.9
Regional School District 04,2040012,6,N/A,*
Regional School District 04,2040012,7,*,*
Regional School District 04,2040012,8,*,*
Regional School District 04,2040012,9,*,*
Regional School District 04,2040012,10,*,*
Regional School District 04,2040012,11,*,*
Regional School District 04,2040012,12,9,4.8
Regional School District 05,2050012,7,*,*
Regional School District 05,2050012,8,*,*
Regional School District 05,2050012,9,9,2.5
Regional School District 05,2050012,10,14,3.9
Regional School District 05,2050012,11,14,3.5
Regional School District 05,2050012,12,12,2.8
Regional School District 06,2060012,K,N/A,N/A
Regional School District 06,2060012,1,*,*
Regional School District 06,2060012,2,*,*
Regional School District 06,2060012,3,N/A,N/A
Regional School District 06,2060012,4,N/A,N/A
Regional School District 06,2060012,5,6,11.1
Regional School District 06,2060012,6,*,*
Regional School District 06,2060012,7,*,*
Regional School District 06,2060012,8,8,12.1
Regional School District 06,2060012,9,15,11.9
Regional School District 06,2060012,10,*,*
Regional School District 06,2060012,11,*,*
Regional School District 06,2060012,12,8,9.2
Regional School District 07,2070012,6,N/A,*
Regional School District 07,2070012,7,N/A,N/A
Regional School District 07,2070012,8,6,3.1
Regional School District 07,2070012,9,10,5.4
Regional School District 07,2070012,10,21,10.3
Regional School District 07,2070012,11,22,12
Regional School District 07,2070012,12,11,7.5
Regional School District 08,2080012,7,7,2.5
Regional School District 08,2080012,8,14,5.1
Regional School District 08,2080012,9,11,3.9
Regional School District 08,2080012,10,14,5.3
Regional School District 08,2080012,11,23,8.5
Regional School District 08,2080012,12,21,7.7
Regional School District 09,2090012,9,*,*
Regional School District 09,2090012,10,*,*
Regional School District 09,2090012,11,*,*
Regional School District 09,2090012,12,7,2.7
Regional School District 10,2100012,K,N/A,N/A
Regional School District 10,2100012,1,N/A,N/A
Regional School District 10,2100012,2,N/A,N/A
Regional School District 10,2100012,3,*,*
Regional School District 10,2100012,4,N/A,N/A
Regional School District 10,2100012,5,*,*
Regional School District 10,2100012,6,*,*
Regional School District 10,2100012,7,8,4.4
Regional School District 10,2100012,8,12,5.5
Regional School District 10,2100012,9,9,4.3
Regional School District 10,2100012,10,7,3.7
Regional School District 10,2100012,11,12,6.1
Regional School District 10,2100012,12,19,9.7
Regional School District 11,2110012,7,*,*
Regional School District 11,2110012,8,7,11.3
Regional School District 11,2110012,9,*,*
Regional School District 11,2110012,10,6,13.3
Regional School District 11,2110012,11,*,*
Regional School District 11,2110012,12,8,13.8
Regional School District 12,2120012,K,N/A,N/A
Regional School District 12,2120012,1,N/A,N/A
Regional School District 12,2120012,2,*,*
Regional School District 12,2120012,3,N/A,N/A
Regional School District 12,2120012,4,*,*
Regional School District 12,2120012,5,*,*
Regional School District 12,2120012,6,N/A,N/A
Regional School District 12,2120012,7,*,*
Regional School District 12,2120012,8,*,*
Regional School District 12,2120012,9,*,*
Regional School District 12,2120012,10,*,*
Regional School District 12,2120012,11,14,17.3
Regional School District 12,2120012,12,12,15.6
Regional School District 13,2130012,K,N/A,N/A
Regional School District 13,2130012,1,N/A,N/A
Regional School District 13,2130012,2,N/A,N/A
Regional School District 13,2130012,3,N/A,N/A
Regional School District 13,2130012,4,N/A,N/A
Regional School District 13,2130012,5,N/A,N/A
Regional School District 13,2130012,6,N/A,N/A
Regional School District 13,2130012,7,10,6.2
Regional School District 13,2130012,8,7,3.9
Regional School District 13,2130012,9,*,*
Regional School District 13,2130012,10,13,8.7
Regional School District 13,2130012,11,9,6.3
Regional School District 13,2130012,12,*,*
Regional School District 14,2140012,K,N/A,N/A
Regional School District 14,2140012,1,N/A,N/A
Regional School District 14,2140012,2,N/A,N/A
Regional School District 14,2140012,3,N/A,N/A
Regional School District 14,2140012,4,*,*
Regional School District 14,2140012,5,*,*
Regional School District 14,2140012,6,N/A,N/A
Regional School District 14,2140012,7,*,*
Regional School District 14,2140012,8,*,*
Regional School District 14,2140012,9,*,*
Regional School District 14,2140012,10,*,*
Regional School District 14,2140012,11,10,5.1
Regional School District 14,2140012,12,*,*
Regional School District 15,2150012,K,N/A,N/A
Regional School District 15,2150012,1,N/A,N/A
Regional School District 15,2150012,2,N/A,N/A
Regional School District 15,2150012,3,N/A,N/A
Regional School District 15,2150012,4,*,*
Regional School District 15,2150012,5,*,*
Regional School District 15,2150012,6,*,*
Regional School District 15,2150012,7,*,*
Regional School District 15,2150012,8,8,2.3
Regional School District 15,2150012,9,27,8.5
Regional School District 15,2150012,10,16,5
Regional School District 15,2150012,11,22,7.7
Regional School District 15,2150012,12,30,10.1
Regional School District 16,2160012,K,N/A,N/A
Regional School District 16,2160012,1,N/A,N/A
Regional School District 16,2160012,2,N/A,N/A
Regional School District 16,2160012,3,*,*
Regional School District 16,2160012,4,N/A,N/A
Regional School District 16,2160012,5,N/A,N/A
Regional School District 16,2160012,6,9,5
Regional School District 16,2160012,7,17,8.5
Regional School District 16,2160012,8,20,10.8
Regional School District 16,2160012,9,*,*
Regional School District 16,2160012,10,7,4.2
Regional School District 16,2160012,11,16,8.6
Regional School District 16,2160012,12,16,8.9
Regional School District 17,2170012,K,N/A,N/A
Regional School District 17,2170012,1,*,*
Regional School District 17,2170012,2,N/A,N/A
Regional School District 17,2170012,3,N/A,N/A
Regional School District 17,2170012,4,*,*
Regional School District 17,2170012,5,*,*
Regional School District 17,2170012,6,13,6.2
Regional School District 17,2170012,7,11,5.8
Regional School District 17,2170012,8,9,4.6
Regional School District 17,2170012,9,6,3.6
Regional School District 17,2170012,10,8,5.4
Regional School District 17,2170012,11,9,6.2
Regional School District 17,2170012,12,14,8.2
Regional School District 18,2180012,K,N/A,N/A
Regional School District 18,2180012,1,N/A,N/A
Regional School District 18,2180012,2,N/A,N/A
Regional School District 18,2180012,3,*,*
Regional School District 18,2180012,4,N/A,N/A
Regional School District 18,2180012,5,N/A,N/A
Regional School District 18,2180012,6,*,*
Regional School District 18,2180012,7,*,*
Regional School District 18,2180012,8,*,*
Regional School District 18,2180012,9,6,4.9
Regional School District 18,2180012,10,8,6.6
Regional School District 18,2180012,11,*,*
Regional School District 18,2180012,12,*,*
Regional School District 19,2190012,9,6,2
Regional School District 19,2190012,10,19,6.5
Regional School District 19,2190012,11,21,7.4
Regional School District 19,2190012,12,13,4.2
Ridgefield School District,1180011,K,N/A,N/A
Ridgefield School District,1180011,1,N/A,N/A
Ridgefield School District,1180011,2,*,*
Ridgefield School District,1180011,3,*,*
Ridgefield School District,1180011,4,N/A,N/A
Ridgefield School District,1180011,5,*,*
Ridgefield School District,1180011,6,*,*
Ridgefield School District,1180011,7,*,*
Ridgefield School District,1180011,8,*,*
Ridgefield School District,1180011,9,7,1.6
Ridgefield School District,1180011,10,9,2
Ridgefield School District,1180011,11,11,2.6
Ridgefield School District,1180011,12,10,2.2
Rocky Hill School District,1190011,K,N/A,N/A
Rocky Hill School District,1190011,1,N/A,N/A
Rocky Hill School District,1190011,2,N/A,N/A
Rocky Hill School District,1190011,3,*,*
Rocky Hill School District,1190011,4,*,*
Rocky Hill School District,1190011,5,*,*
Rocky Hill School District,1190011,6,*,*
Rocky Hill School District,1190011,7,*,*
Rocky Hill School District,1190011,8,*,*
Rocky Hill School District,1190011,9,6,3.5
Rocky Hill School District,1190011,10,9,5.1
Rocky Hill School District,1190011,11,14,7.9
Rocky Hill School District,1190011,12,22,12.2
Salem School District,1210011,K,N/A,N/A
Salem School District,1210011,1,N/A,N/A
Salem School District,1210011,2,N/A,N/A
Salem School District,1210011,3,*,*
Salem School District,1210011,4,N/A,N/A
Salem School District,1210011,5,*,*
Salem School District,1210011,6,*,*
Salem School District,1210011,7,N/A,N/A
Salem School District,1210011,8,*,*
Salem School District,1210011,10,N/A,*
Salem School District,1210011,12,N/A,*
Salisbury School District,1220011,K,N/A,N/A
Salisbury School District,1220011,1,N/A,N/A
Salisbury School District,1220011,2,N/A,N/A
Salisbury School District,1220011,3,N/A,N/A
Salisbury School District,1220011,4,N/A,N/A
Salisbury School District,1220011,5,*,*
Salisbury School District,1220011,6,N/A,N/A
Salisbury School District,1220011,7,N/A,N/A
Salisbury School District,1220011,8,N/A,N/A
Scotland School District,1230011,K,N/A,*
Scotland School District,1230011,1,N/A,*
Scotland School District,1230011,2,*,*
Scotland School District,1230011,3,*,*
Scotland School District,1230011,4,*,*
Scotland School District,1230011,5,*,*
Scotland School District,1230011,6,*,*
Seymour School District,1240011,K,*,*
Seymour School District,1240011,1,*,*
Seymour School District,1240011,2,7,3.9
Seymour School District,1240011,3,*,*
Seymour School District,1240011,4,8,4.5
Seymour School District,1240011,5,10,5.5
Seymour School District,1240011,6,18,9.4
Seymour School District,1240011,7,17,9.2
Seymour School District,1240011,8,28,12.9
Seymour School District,1240011,9,26,15.9
Seymour School District,1240011,10,26,15
Seymour School District,1240011,11,42,24.3
Seymour School District,1240011,12,35,24.1
Sharon School District,1250011,K,N/A,N/A
Sharon School District,1250011,1,N/A,*
Sharon School District,1250011,2,N/A,N/A
Sharon School District,1250011,3,N/A,*
Sharon School District,1250011,4,N/A,*
Sharon School District,1250011,5,N/A,*
Sharon School District,1250011,6,*,*
Sharon School District,1250011,7,*,*
Sharon School District,1250011,8,*,*
Shelton School District,1260011,K,*,*
Shelton School District,1260011,1,*,*
Shelton School District,1260011,2,*,*
Shelton School District,1260011,3,*,*
Shelton School District,1260011,4,*,*
Shelton School District,1260011,5,*,*
Shelton School District,1260011,6,13,3.2
Shelton School District,1260011,7,*,*
Shelton School District,1260011,8,*,*
Shelton School District,1260011,9,42,11.8
Shelton School District,1260011,10,56,13.8
Shelton School District,1260011,11,48,11.7
Shelton School District,1260011,12,51,13.2
Sherman School District,1270011,K,N/A,N/A
Sherman School District,1270011,1,N/A,N/A
Sherman School District,1270011,2,*,*
Sherman School District,1270011,3,*,*
Sherman School District,1270011,4,N/A,N/A
Sherman School District,1270011,5,N/A,N/A
Sherman School District,1270011,6,*,*
Sherman School District,1270011,7,*,*
Sherman School District,1270011,8,*,*
Sherman School District,1270011,9,N/A,*
Sherman School District,1270011,10,N/A,*
Side By Side Charter School District,2700013,K,N/A,N/A
Side By Side Charter School District,2700013,1,*,*
Side By Side Charter School District,2700013,2,N/A,N/A
Side By Side Charter School District,2700013,3,N/A,N/A
Side By Side Charter School District,2700013,4,*,*
Side By Side Charter School District,2700013,5,*,*
Side By Side Charter School District,2700013,6,N/A,N/A
Side By Side Charter School District,2700013,7,N/A,N/A
Side By Side Charter School District,2700013,8,*,*
Simsbury School District,1280011,K,*,*
Simsbury School District,1280011,1,*,*
Simsbury School District,1280011,2,*,*
Simsbury School District,1280011,3,*,*
Simsbury School District,1280011,4,N/A,N/A
Simsbury School District,1280011,5,8,2.4
Simsbury School District,1280011,6,7,2.1
Simsbury School District,1280011,7,12,3.3
Simsbury School District,1280011,8,18,4.7
Simsbury School District,1280011,9,*,*
Simsbury School District,1280011,10,6,1.6
Simsbury School District,1280011,11,6,1.6
Simsbury School District,1280011,12,13,3.4
Somers School District,1290011,K,N/A,N/A
Somers School District,1290011,1,N/A,N/A
Somers School District,1290011,2,N/A,N/A
Somers School District,1290011,3,N/A,N/A
Somers School District,1290011,4,N/A,N/A
Somers School District,1290011,5,N/A,N/A
Somers School District,1290011,6,N/A,N/A
Somers School District,1290011,7,*,*
Somers School District,1290011,8,10,7.6
Somers School District,1290011,9,19,15.3
Somers School District,1290011,10,*,*
Somers School District,1290011,11,8,6.6
Somers School District,1290011,12,18,14.3
South Windsor School District,1320011,K,*,*
South Windsor School District,1320011,1,N/A,N/A
South Windsor School District,1320011,2,N/A,N/A
South Windsor School District,1320011,3,*,*
South Windsor School District,1320011,4,*,*
South Windsor School District,1320011,5,*,*
South Windsor School District,1320011,6,11,3.5
South Windsor School District,1320011,7,15,4.4
South Windsor School District,1320011,8,11,3.4
South Windsor School District,1320011,9,25,6.8
South Windsor School District,1320011,10,16,4.7
South Windsor School District,1320011,11,24,7.4
South Windsor School District,1320011,12,19,5.3
Southington School District,1310011,K,*,*
Southington School District,1310011,1,*,*
Southington School District,1310011,2,*,*
Southington School District,1310011,3,*,*
Southington School District,1310011,4,16,3
Southington School District,1310011,5,9,1.8
Southington School District,1310011,6,7,1.3
Southington School District,1310011,7,22,3.9
Southington School District,1310011,8,30,6.1
Southington School District,1310011,9,20,3.6
Southington School District,1310011,10,29,5.8
Southington School District,1310011,11,53,10.7
Southington School District,1310011,12,51,9.8
Sprague School District,1330011,K,*,*
Sprague School District,1330011,1,N/A,N/A
Sprague School District,1330011,2,*,*
Sprague School District,1330011,3,*,*
Sprague School District,1330011,4,*,*
Sprague School District,1330011,5,*,*
Sprague School District,1330011,6,9,25.7
Sprague School District,1330011,7,*,*
Sprague School District,1330011,8,11,24.4
Sprague School District,1330011,9,N/A,*
Stafford School District,1340011,K,N/A,N/A
Stafford School District,1340011,1,N/A,N/A
Stafford School District,1340011,2,*,*
Stafford School District,1340011,3,N/A,N/A
Stafford School District,1340011,4,*,*
Stafford School District,1340011,5,N/A,N/A
Stafford School District,1340011,6,*,*
Stafford School District,1340011,7,12,10.2
Stafford School District,1340011,8,16,14
Stafford School District,1340011,9,22,21.6
Stafford School District,1340011,10,18,14.9
Stafford School District,1340011,11,17,15.6
Stafford School District,1340011,12,10,10.5
Stamford Academy District,2820013,9,9,22.5
Stamford Academy District,2820013,10,6,24
Stamford Academy District,2820013,11,17,47.2
Stamford Academy District,2820013,12,9,26.5
Stamford School District,1350011,K,15,1
Stamford School District,1350011,1,*,*
Stamford School District,1350011,2,13,1
Stamford School District,1350011,3,9,0.7
Stamford School District,1350011,4,21,1.7
Stamford School District,1350011,5,25,2.1
Stamford School District,1350011,6,31,2.8
Stamford School District,1350011,7,50,4.4
Stamford School District,1350011,8,55,4.9
Stamford School District,1350011,9,75,6.1
Stamford School District,1350011,10,52,4.3
Stamford School District,1350011,11,53,4.8
Stamford School District,1350011,12,46,3.9
Stamford School District,1350011,Not Available,*,*
Sterling School District,1360011,K,*,*
Sterling School District,1360011,1,N/A,N/A
Sterling School District,1360011,2,*,*
Sterling School District,1360011,3,*,*
Sterling School District,1360011,4,*,*
Sterling School District,1360011,5,*,*
Sterling School District,1360011,6,N/A,N/A
Sterling School District,1360011,7,6,10.3
Sterling School District,1360011,8,10,19.6
Sterling School District,1360011,9,N/A,*
Sterling School District,1360011,11,N/A,*
Sterling School District,1360011,12,N/A,*
Stonington School District,1370011,K,*,*
Stonington School District,1370011,1,N/A,N/A
Stonington School District,1370011,2,*,*
Stonington School District,1370011,3,*,*
Stonington School District,1370011,4,*,*
Stonington School District,1370011,5,*,*
Stonington School District,1370011,6,*,*
Stonington School District,1370011,7,*,*
Stonington School District,1370011,8,6,3.2
Stonington School District,1370011,9,12,6.6
Stonington School District,1370011,10,27,14.4
Stonington School District,1370011,11,23,11.9
Stonington School District,1370011,12,25,12.5
Stratford School District,1380011,K,8,1.7
Stratford School District,1380011,1,9,1.8
Stratford School District,1380011,2,13,2.5
Stratford School District,1380011,3,19,3.5
Stratford School District,1380011,4,19,3.6
Stratford School District,1380011,5,19,3.5
Stratford School District,1380011,6,40,7
Stratford School District,1380011,7,59,10.8
Stratford School District,1380011,8,64,11.7
Stratford School District,1380011,9,68,12.5
Stratford School District,1380011,10,64,12.4
Stratford School District,1380011,11,64,11.7
Stratford School District,1380011,12,45,8.4
Suffield School District,1390011,K,N/A,N/A
Suffield School District,1390011,1,N/A,N/A
Suffield School District,1390011,2,*,*
Suffield School District,1390011,3,N/A,N/A
Suffield School District,1390011,4,N/A,N/A
Suffield School District,1390011,5,N/A,N/A
Suffield School District,1390011,6,*,*
Suffield School District,1390011,7,*,*
Suffield School District,1390011,8,9,4.2
Suffield School District,1390011,9,16,7.9
Suffield School District,1390011,10,8,4.2
Suffield School District,1390011,11,6,3
Suffield School District,1390011,12,7,3.4
The Bridge Academy District,2690013,7,12,25
The Bridge Academy District,2690013,8,15,30.6
The Bridge Academy District,2690013,9,7,13.7
The Bridge Academy District,2690013,10,8,17.8
The Bridge Academy District,2690013,11,7,17.1
The Bridge Academy District,2690013,12,N/A,N/A
The Gilbert School District,9020022,7,19,20.4
The Gilbert School District,9020022,8,30,29.4
The Gilbert School District,9020022,9,27,37.5
The Gilbert School District,9020022,10,33,30.8
The Gilbert School District,9020022,11,27,26.7
The Gilbert School District,9020022,12,35,40.7
Thomaston School District,1400011,K,*,*
Thomaston School District,1400011,1,*,*
Thomaston School District,1400011,2,6,9
Thomaston School District,1400011,3,N/A,N/A
Thomaston School District,1400011,4,*,*
Thomaston School District,1400011,5,*,*
Thomaston School District,1400011,6,*,*
Thomaston School District,1400011,7,6,9
Thomaston School District,1400011,8,*,*
Thomaston School District,1400011,9,*,*
Thomaston School District,1400011,10,*,*
Thomaston School District,1400011,11,8,14.8
Thomaston School District,1400011,12,11,16.7
Thompson School District,1410011,K,*,*
Thompson School District,1410011,1,*,*
Thompson School District,1410011,2,*,*
Thompson School District,1410011,3,*,*
Thompson School District,1410011,4,*,*
Thompson School District,1410011,5,*,*
Thompson School District,1410011,6,*,*
Thompson School District,1410011,7,N/A,N/A
Thompson School District,1410011,8,7,7.1
Thompson School District,1410011,9,11,14.5
Thompson School District,1410011,10,7,13.7
Thompson School District,1410011,11,*,*
Thompson School District,1410011,12,*,*
Tolland School District,1420011,K,N/A,N/A
Tolland School District,1420011,1,N/A,N/A
Tolland School District,1420011,2,N/A,N/A
Tolland School District,1420011,3,*,*
Tolland School District,1420011,4,N/A,N/A
Tolland School District,1420011,5,N/A,N/A
Tolland School District,1420011,6,*,*
Tolland School District,1420011,7,14,5.9
Tolland School District,1420011,8,7,3.2
Tolland School District,1420011,9,6,2.8
Tolland School District,1420011,10,11,5.3
Tolland School District,1420011,11,8,3.7
Tolland School District,1420011,12,7,3.3
Torrington School District,1430011,K,*,*
Torrington School District,1430011,1,*,*
Torrington School District,1430011,2,*,*
Torrington School District,1430011,3,*,*
Torrington School District,1430011,4,8,2.1
Torrington School District,1430011,5,14,3.8
Torrington School District,1430011,6,19,5.7
Torrington School District,1430011,7,41,11.7
Torrington School District,1430011,8,57,16.1
Torrington School District,1430011,9,45,15
Torrington School District,1430011,10,44,19.2
Torrington School District,1430011,11,55,21.1
Torrington School District,1430011,12,46,17.2
Trailblazers Academy District,2780013,6,*,*
Trailblazers Academy District,2780013,7,*,*
Trailblazers Academy District,2780013,8,11,18.6
Trailblazers Academy District,2780013,9,*,*
Trumbull School District,1440011,K,*,*
Trumbull School District,1440011,1,*,*
Trumbull School District,1440011,2,*,*
Trumbull School District,1440011,3,*,*
Trumbull School District,1440011,4,*,*
Trumbull School District,1440011,5,7,1.3
Trumbull School District,1440011,6,6,1.1
Trumbull School District,1440011,7,9,1.9
Trumbull School District,1440011,8,8,1.5
Trumbull School District,1440011,9,7,1.2
Trumbull School District,1440011,10,8,1.5
Trumbull School District,1440011,11,24,4.5
Trumbull School District,1440011,12,16,2.9
Unified School District #1,3360015,8,N/A,N/A
Unified School District #1,3360015,9,N/A,N/A
Unified School District #1,3360015,10,N/A,N/A
Unified School District #1,3360015,11,N/A,N/A
Unified School District #1,3360015,12,N/A,N/A
Unified School District #2,3470015,4,N/A,*
Unified School District #2,3470015,6,*,*
Unified School District #2,3470015,7,*,*
Unified School District #2,3470015,8,12,50
Unified School District #2,3470015,9,29,31.2
Unified School District #2,3470015,10,23,36.5
Unified School District #2,3470015,11,6,15.4
Unified School District #2,3470015,12,8,36.4
Union School District,1450011,K,N/A,*
Union School District,1450011,1,N/A,*
Union School District,1450011,2,N/A,*
Union School District,1450011,3,N/A,*
Union School District,1450011,4,N/A,*
Union School District,1450011,5,N/A,*
Union School District,1450011,6,N/A,*
Union School District,1450011,7,N/A,*
Union School District,1450011,8,N/A,*
Vernon School District,1460011,K,16,6
Vernon School District,1460011,1,*,*
Vernon School District,1460011,2,14,5.6
Vernon School District,1460011,3,17,6.6
Vernon School District,1460011,4,19,8
Vernon School District,1460011,5,12,4.4
Vernon School District,1460011,6,*,*
Vernon School District,1460011,7,24,10.9
Vernon School District,1460011,8,33,14.5
Vernon School District,1460011,9,75,28.4
Vernon School District,1460011,10,34,16
Vernon School District,1460011,11,23,12.7
Vernon School District,1460011,12,33,13.9
Voluntown School District,1470011,K,N/A,N/A
Voluntown School District,1470011,1,N/A,N/A
Voluntown School District,1470011,2,N/A,N/A
Voluntown School District,1470011,3,N/A,N/A
Voluntown School District,1470011,4,N/A,N/A
Voluntown School District,1470011,5,*,*
Voluntown School District,1470011,6,*,*
Voluntown School District,1470011,7,*,*
Voluntown School District,1470011,8,*,*
Voluntown School District,1470011,9,N/A,*
Voluntown School District,1470011,11,N/A,*
Wallingford School District,1480011,K,*,*
Wallingford School District,1480011,1,7,1.7
Wallingford School District,1480011,2,9,2.2
Wallingford School District,1480011,3,*,*
Wallingford School District,1480011,4,7,1.6
Wallingford School District,1480011,5,*,*
Wallingford School District,1480011,6,19,4.2
Wallingford School District,1480011,7,32,6.7
Wallingford School District,1480011,8,41,8.7
Wallingford School District,1480011,9,46,9.7
Wallingford School District,1480011,10,34,7.1
Wallingford School District,1480011,11,49,9.1
Wallingford School District,1480011,12,53,10.5
Waterbury School District,1510011,K,68,4.1
Waterbury School District,1510011,1,83,5.3
Waterbury School District,1510011,2,120,7.8
Waterbury School District,1510011,3,141,9.6
Waterbury School District,1510011,4,188,13
Waterbury School District,1510011,5,244,16.5
Waterbury School District,1510011,6,319,22.5
Waterbury School District,1510011,7,359,26.3
Waterbury School District,1510011,8,389,28.1
Waterbury School District,1510011,9,513,38.3
Waterbury School District,1510011,10,495,38.1
Waterbury School District,1510011,11,396,33.2
Waterbury School District,1510011,12,324,27.7
Waterford School District,1520011,K,N/A,N/A
Waterford School District,1520011,1,*,*
Waterford School District,1520011,2,N/A,N/A
Waterford School District,1520011,3,*,*
Waterford School District,1520011,4,7,3.6
Waterford School District,1520011,5,*,*
Waterford School District,1520011,6,16,7.2
Waterford School District,1520011,7,22,9.4
Waterford School District,1520011,8,24,11.1
Waterford School District,1520011,9,21,9.8
Waterford School District,1520011,10,18,8.3
Waterford School District,1520011,11,22,11.3
Waterford School District,1520011,12,23,10.3
Watertown School District,1530011,K,N/A,N/A
Watertown School District,1530011,1,N/A,N/A
Watertown School District,1530011,2,*,*
Watertown School District,1530011,3,N/A,N/A
Watertown School District,1530011,4,*,*
Watertown School District,1530011,5,7,3.1
Watertown School District,1530011,6,12,5.8
Watertown School District,1530011,7,13,5.8
Watertown School District,1530011,8,24,9.5
Watertown School District,1530011,9,26,11.8
Watertown School District,1530011,10,35,16.1
Watertown School District,1530011,11,20,9.2
Watertown School District,1530011,12,21,9.9
West Hartford School District,1550011,K,N/A,N/A
West Hartford School District,1550011,1,*,*
West Hartford School District,1550011,2,6,0.8
West Hartford School District,1550011,3,*,*
West Hartford School District,1550011,4,*,*
West Hartford School District,1550011,5,9,1.1
West Hartford School District,1550011,6,27,3.5
West Hartford School District,1550011,7,47,6.8
West Hartford School District,1550011,8,54,7.1
West Hartford School District,1550011,9,49,6.3
West Hartford School District,1550011,10,48,6.3
West Hartford School District,1550011,11,59,7.6
West Hartford School District,1550011,12,68,9.3
West Haven School District,1560011,K,*,*
West Haven School District,1560011,1,13,2.7
West Haven School District,1560011,2,*,*
West Haven School District,1560011,3,13,2.7
West Haven School District,1560011,4,25,4.8
West Haven School District,1560011,5,23,5.2
West Haven School District,1560011,6,32,7.5
West Haven School District,1560011,7,26,5.8
West Haven School District,1560011,8,40,8.8
West Haven School District,1560011,9,87,18.9
West Haven School District,1560011,10,69,17.5
West Haven School District,1560011,11,42,11.3
West Haven School District,1560011,12,27,7.3
Westbrook School District,1540011,K,N/A,N/A
Westbrook School District,1540011,1,N/A,N/A
Westbrook School District,1540011,2,N/A,N/A
Westbrook School District,1540011,3,N/A,N/A
Westbrook School District,1540011,4,N/A,N/A
Westbrook School District,1540011,5,*,*
Westbrook School District,1540011,6,*,*
Westbrook School District,1540011,7,*,*
Westbrook School District,1540011,8,*,*
Westbrook School District,1540011,9,N/A,N/A
Westbrook School District,1540011,10,N/A,N/A
Westbrook School District,1540011,11,*,*
Westbrook School District,1540011,12,N/A,N/A
Weston School District,1570011,K,N/A,N/A
Weston School District,1570011,1,N/A,N/A
Weston School District,1570011,2,N/A,N/A
Weston School District,1570011,3,N/A,N/A
Weston School District,1570011,4,N/A,N/A
Weston School District,1570011,5,N/A,N/A
Weston School District,1570011,6,*,*
Weston School District,1570011,7,N/A,N/A
Weston School District,1570011,8,11,5.2
Weston School District,1570011,9,*,*
Weston School District,1570011,10,6,2.9
Weston School District,1570011,11,*,*
Weston School District,1570011,12,*,*
Westport School District,1580011,K,*,*
Westport School District,1580011,1,N/A,N/A
Westport School District,1580011,2,*,*
Westport School District,1580011,3,*,*
Westport School District,1580011,4,8,1.8
Westport School District,1580011,5,*,*
Westport School District,1580011,6,7,1.5
Westport School District,1580011,7,11,2.5
Westport School District,1580011,8,10,2
Westport School District,1580011,9,10,2.1
Westport School District,1580011,10,17,3.9
Westport School District,1580011,11,16,3.3
Westport School District,1580011,12,12,2.5
Wethersfield School District,1590011,K,*,*
Wethersfield School District,1590011,1,*,*
Wethersfield School District,1590011,2,11,4
Wethersfield School District,1590011,3,*,*
Wethersfield School District,1590011,4,*,*
Wethersfield School District,1590011,5,*,*
Wethersfield School District,1590011,6,9,3.3
Wethersfield School District,1590011,7,14,5
Wethersfield School District,1590011,8,11,3.9
Wethersfield School District,1590011,9,20,6.2
Wethersfield School District,1590011,10,13,4.8
Wethersfield School District,1590011,11,16,5.2
Wethersfield School District,1590011,12,8,2.9
Willington School District,1600011,K,*,*
Willington School District,1600011,1,N/A,N/A
Willington School District,1600011,2,N/A,N/A
Willington School District,1600011,3,N/A,N/A
Willington School District,1600011,4,*,*
Willington School District,1600011,5,*,*
Willington School District,1600011,6,*,*
Willington School District,1600011,7,*,*
Willington School District,1600011,8,*,*
Wilton School District,1610011,K,N/A,N/A
Wilton School District,1610011,1,N/A,N/A
Wilton School District,1610011,2,N/A,N/A
Wilton School District,1610011,3,N/A,N/A
Wilton School District,1610011,4,N/A,N/A
Wilton School District,1610011,5,*,*
Wilton School District,1610011,6,*,*
Wilton School District,1610011,7,7,2
Wilton School District,1610011,8,41,11.9
Wilton School District,1610011,9,*,*
Wilton School District,1610011,10,*,*
Wilton School District,1610011,11,8,2.3
Wilton School District,1610011,12,*,*
Winchester School District,1620011,K,*,*
Winchester School District,1620011,1,*,*
Winchester School District,1620011,2,*,*
Winchester School District,1620011,3,N/A,N/A
Winchester School District,1620011,4,*,*
Winchester School District,1620011,5,*,*
Winchester School District,1620011,6,*,*
Winchester School District,1620011,7,N/A,*
Winchester School District,1620011,8,N/A,*
Winchester School District,1620011,9,N/A,*
Winchester School District,1620011,10,*,*
Winchester School District,1620011,11,*,*
Winchester School District,1620011,12,N/A,*
Windham School District,1630011,K,6,2.1
Windham School District,1630011,1,14,5.1
Windham School District,1630011,2,11,3.3
Windham School District,1630011,3,24,8.5
Windham School District,1630011,4,21,9.4
Windham School District,1630011,5,26,9.8
Windham School District,1630011,6,60,24.9
Windham School District,1630011,7,65,26.6
Windham School District,1630011,8,75,32.5
Windham School District,1630011,9,62,34.8
Windham School District,1630011,10,31,23.3
Windham School District,1630011,11,34,27.9
Windham School District,1630011,12,29,23
Windsor Locks School District,1650011,K,N/A,N/A
Windsor Locks School District,1650011,1,N/A,N/A
Windsor Locks School District,1650011,2,*,*
Windsor Locks School District,1650011,3,*,*
Windsor Locks School District,1650011,4,N/A,N/A
Windsor Locks School District,1650011,5,*,*
Windsor Locks School District,1650011,6,7,5.7
Windsor Locks School District,1650011,7,14,12.2
Windsor Locks School District,1650011,8,12,9.4
Windsor Locks School District,1650011,9,20,17.9
Windsor Locks School District,1650011,10,20,18.3
Windsor Locks School District,1650011,11,24,16.8
Windsor Locks School District,1650011,12,25,18.9
Windsor School District,1640011,K,9,4.4
Windsor School District,1640011,1,8,3.9
Windsor School District,1640011,2,24,10.5
Windsor School District,1640011,3,15,7
Windsor School District,1640011,4,10,4.4
Windsor School District,1640011,5,21,9.2
Windsor School District,1640011,6,21,9.9
Windsor School District,1640011,7,17,7.1
Windsor School District,1640011,8,23,9.8
Windsor School District,1640011,9,63,19.9
Windsor School District,1640011,10,39,14.9
Windsor School District,1640011,11,52,18.9
Windsor School District,1640011,12,60,19.7
Wolcott School District,1660011,K,N/A,N/A
Wolcott School District,1660011,1,*,*
Wolcott School District,1660011,2,*,*
Wolcott School District,1660011,3,*,*
Wolcott School District,1660011,4,*,*
Wolcott School District,1660011,5,*,*
Wolcott School District,1660011,6,*,*
Wolcott School District,1660011,7,14,6
Wolcott School District,1660011,8,14,6.3
Wolcott School District,1660011,9,11,5.9
Wolcott School District,1660011,10,19,9.7
Wolcott School District,1660011,11,19,8.6
Wolcott School District,1660011,12,11,5.9
Woodbridge School District,1670011,K,N/A,N/A
Woodbridge School District,1670011,1,N/A,N/A
Woodbridge School District,1670011,2,N/A,N/A
Woodbridge School District,1670011,3,N/A,N/A
Woodbridge School District,1670011,4,*,*
Woodbridge School District,1670011,5,*,*
Woodbridge School District,1670011,6,N/A,N/A
Woodstock Academy District,9030022,9,9,4
Woodstock Academy District,9030022,10,10,3.9
Woodstock Academy District,9030022,11,25,10.2
Woodstock Academy District,9030022,12,21,7.3
Woodstock School District,1690011,K,N/A,N/A
Woodstock School District,1690011,1,N/A,N/A
Woodstock School District,1690011,2,N/A,N/A
Woodstock School District,1690011,3,N/A,N/A
Woodstock School District,1690011,4,N/A,N/A
Woodstock School District,1690011,5,*,*
Woodstock School District,1690011,6,*,*
Woodstock School District,1690011,7,*,*
Woodstock School District,1690011,8,*,*
